id,workload,repr,chunk,elem,retained,n,base,appended,blocks,forks,depth,keep_all,region,lv_pos,batch,ops_per_sample,nsamples,median_ns,p95_ns,min_ns,median2_ns,p95_2_ns,allocs_op,bytes_op,zcopies_op,zmoves_op,addref_op,blk_addref_op,branches_op,mem_start,mem_build,mem_peak,mem_end,checksum,balance_ok,vgroup,extra
1,vcreate,C,64,int,0,,64,,1,,,0,,,898,898,15,14.894,14.987,14.847,14.337,14.755,4,1120,1,0,0,1,1,474376,0,1716240,474376,0000000000000000,1,,
2,linear,C,32,int,0,4096,,,,,,0,,,1,4096,15,2.706,2.726,2.686,,,0.0332,16.76,1,0,0,0,0,474328,622864,622864,474328,e1afe464a1eeb2fb,1,lin-dead-int-4096,
3,base_append,C,128,string,0,,100,64,,,,0,,,1027,65728,15,2.77,2.824,2.754,,,0.0625,33.5,1,0,1,0,0,474424,3217664,3217664,474424,a23575fb359b72cb,1,ba-string-100-64,
4,base_append,C,16,int,0,,1000,16,,,,0,,,600,9600,15,2.865,2.947,2.817,,,0.25,22,1,0,0,0,0,474392,760184,760184,474392,cc89482edb8ba160,1,ba-int-1000-16,
5,base_append,B,0,string,0,,1000,1,,,,0,,,200,200,15,756.04,1193.335,745,,,1,16400,1001,0,1001,0,0,474424,4645024,4645024,474424,aa77e5bc29801f9b,1,ba-string-1000-1,
6,destroy,A,0,int,1,2048,,,,,,0,,,1,2048,6,1097.453,1109.457,1093.119,,,0,0,0,0,0,0,0,474408,37844944,37844944,474408,0000000000000000,1,,
7,base_append,A,0,string,0,,1000,32,,,,0,,,5,160,15,1527.606,1546.356,1526.044,,,1,16272,1016.5,0,1016.5,0,0,474424,655008,675488,474424,cbb30a3ef264de0b,1,ba-string-1000-32,
8,base_append,B,0,int,0,,10000,1,,,,0,,,22,22,15,10007.591,10403.409,9742.409,,,1,262160,10001,0,0,0,0,474392,6659544,6659544,474392,a1b6c487627f1a40,1,ba-int-10000-1,
9,linear,B,0,array,0,16384,,,,,,0,,,1,16384,15,2.502,2.523,2.449,,,0.0009,32.01,1,0.9998,1,0,0,474328,5197016,5332184,474328,a0a527edbf76c633,1,lin-dead-array-16384,
10,destroy,C,128,int,0,16384,,,,,,0,,,1,16384,8,1.038,1.045,1.03,,,0,0,0,0,0,0,0,474408,1065312,1065312,474408,0000000000000000,1,,
11,linear,B,0,string,0,1024,,,,,,0,,,1,1024,15,2.156,2.197,2.115,,,0.0098,32.09,1,0.9961,1,0,0,474328,552152,564440,474328,165bfc4050d5b883,1,lin-dead-string-1024,
12,vcreate,C,16,int,0,,64,,8,,,0,,,600,600,15,17.847,18.333,17.64,16.32,16.527,4,448,1,0,0,8,1,474376,0,793088,474376,0000000000000000,1,,
13,linear,B,0,array,0,1024,,,,,,0,,,1,1024,15,2.319,2.36,2.237,,,0.0098,32.09,1,0.9961,1,0,0,474328,773336,785624,474328,ffc2777778d9050b,1,lin-dead-array-1024,
14,forks,C,64,int,0,,10000,,,1,,0,,,1,1,8,42,84,42,42,83,4,1120,40,0,0,0,1,474784,805216,805216,474784,e004ad1ab6dbe4d2,1,fk-1,"{""live_bytes_all_forks"":162248}"
15,branch,C,64,string,0,,1024,,,,,0,,worst,1807,1807,15,53.473,57.254,53.311,,,4,1152,64,0,64,4,1,474440,3126080,3126080,474440,79220d2096af6492,1,br-string-6-worst,"{""lv_at_branch"":63}"
16,linear,A,0,nested,0,16384,,,,,,0,,,1,16384,6,27819.214,27917.506,27788.503,,,1.0001,131088,8192.5,0,8192.5,0,0,474440,8736072,8998216,474440,a4215f297dad968f,1,lin-dead-nested-16384,
17,base_append,C,64,string,0,,10000,1024,,,,0,,,60,61440,15,3.046,3.228,2.799,,,0.0205,16.4,1,0,1,0,0,474424,2499832,2499832,474424,3206d78cb97e9326,1,ba-string-10000-1024,
18,linear,C,16,int,1,65536,,,,,,0,,,1,65536,5,1207.611,1222.741,1156.666,,,1.0627,49.5,1,0,0,2048.4375,0,474408,5487968,5487968,474408,9f836d3a8baba8bc,1,lin-ret-int-65536,
19,base_append,C,128,int,0,,100,1,,,,0,,,719,719,15,10.373,10.953,10.314,,,4,2144,1,0,0,0,0,474392,2390112,2390112,474392,f75ffeb8407d8c47,1,ba-int-100-1,
20,linear,C,32,int,0,65536,,,,,,0,,,1,65536,8,2.991,3.099,2.78,,,0.0314,16.75,1,0,0,0,0,474408,2850144,2850144,474408,9f836d3a8baba8bc,1,lin-dead-int-65536,
21,foreach,A,0,int,0,,18192,,0,,,0,,,55,1000560,15,0.494,0.515,0.494,,,0,0,0,0,0,0,0,474448,0,1064272,474448,000023875535c208,1,fe-int-18192,"{""sink"":38712579729267960}"
22,base_append,A,0,int,0,,1000,16,,,,0,,,12,192,15,1383.682,1398.438,1382.375,,,1,16144,1008.5,0,0,0,0,474392,703864,720248,474392,cc89482edb8ba160,1,ba-int-1000-16,
23,destroy,A,0,array,0,16384,,,,,,0,,,1,16384,8,1.976,1.981,1.973,,,0,0,0,0,0,0,0,474440,5197128,5459272,474440,0000000000000000,1,,
24,base_append,B,0,string,0,,10000,4,,,,0,,,18,72,15,3825.819,4521.417,3583.333,,,0.25,65540,2501,0,2501,0,0,474424,5994744,5994744,474424,1a16fd1767ddbec6,1,ba-string-10000-4,
25,base_append,B,0,int,0,,1000,32,,,,0,,,86,2752,15,22.484,25.027,22.362,,,0.0625,1537,32.25,32,0,0,0,474392,3682328,3702808,474392,48d38a9181c4637c,1,ba-int-1000-32,
26,base_append,C,16,string,0,,100,1,,,,0,,,423,423,15,10.44,10.638,10.343,,,4,352,1,0,1,0,0,474424,658760,658760,474424,e054259b2e6163b4,1,ba-string-100-1,
27,vcreate,C,64,int,0,,64,,8,,,0,,,717,717,15,17.724,25.57,17.492,16.213,23.418,4,1216,1,0,0,8,1,474376,0,1556248,474376,0000000000000000,1,,
28,linear,C,128,object,1,4096,,,,,,0,,,1,4096,15,12.339,12.4,12.268,,,1.0093,48.19,1,0,1,16.4922,0,474328,1007120,1007120,531672,a90dfee62da19683,1,lin-ret-object-4096,
29,base_append,A,0,string,0,,10000,4,,,,0,,,3,12,15,15892.333,17277.75,15875,,,1,160048,10002.5,0,10002.5,0,0,474424,1693808,1857648,474424,1a16fd1767ddbec6,1,ba-string-10000-4,
30,base_append,B,0,int,0,,10000,64,,,,0,,,17,1088,15,123.851,141.123,120.29,,,0.0156,4096.25,157.25,0,0,0,0,474424,5328344,5328344,474424,f0ad57df4960eb85,1,ba-int-10000-64,
31,branch,C,16,string,0,,1024,,,,,0,,half,1442,1442,15,22.249,22.394,22.105,,,4,384,9,0,9,4,1,474408,1207856,1207856,474408,d5f696839b6846d3,1,br-string-4-half,"{""lv_at_branch"":8}"
32,foreach,A,0,int,0,,10128,,0,,,0,,,96,972288,15,0.494,0.497,0.494,,,0,0,0,0,0,0,0,474448,0,802128,474448,000013c814c08a48,1,fe-int-10128,"{""sink"":37605858148216904}"
33,base_append,C,128,int,0,,100,16,,,,0,,,1030,16480,15,2.774,2.781,2.766,,,0.25,134,1,0,0,0,0,474392,3217992,3217992,474392,526e2275c1539cf5,1,ba-int-100-16,
34,linear,C,128,int,0,65536,,,,,,0,,,1,65536,8,2.646,3.248,2.574,,,0.008,16.19,1,0,0,0,0,474408,2837856,2837856,474408,9f836d3a8baba8bc,1,lin-dead-int-65536,
35,base_append,C,32,string,0,,1000,16,,,,0,,,1435,22960,15,3.19,3.279,3.043,,,0.25,38,1,0,1,0,0,474424,1604832,1604832,474424,8e67b0ddf64b5e5e,1,ba-string-1000-16,
36,destroy,C,128,int,1,16384,,,,,,0,,,1,16384,6,41.094,42.389,40.911,,,0,0,0,0,0,0,0,474408,1720672,1720672,474408,0000000000000000,1,,
37,linear,C,16,string,0,1024,,,,,,0,,,1,1024,15,2.727,2.849,2.686,,,0.0693,17.52,1,0,1,0,0,474328,552720,552720,474328,165bfc4050d5b883,1,lin-dead-string-1024,
38,base_append,C,64,int,0,,100,64,,,,0,,,480,30720,15,2.54,3.356,2.455,,,0.0625,17.5,1,0,0,0,0,474392,1140024,1140024,474392,25c9a09dbb703120,1,ba-int-100-64,
39,foreach,A,0,int,0,,10256,,0,,,0,,,96,984576,15,0.495,0.51,0.494,,,0,0,0,0,0,0,0,474448,0,810320,474448,00001407d565a288,1,fe-int-10256,"{""sink"":38079284256880776}"
40,base_append,C,32,int,0,,100,64,,,,0,,,514,32896,15,2.952,3.182,2.708,,,0.0781,17.63,1,0,0,0,0,474392,1190632,1190632,474392,25c9a09dbb703120,1,ba-int-100-64,
41,branch,A,0,int,0,,1024,,,,,0,,half,141,141,15,452.128,454.489,450.943,,,1,17560,1097,0,0,0,0,474408,3404328,3404328,474408,69dbb58d56a44f3a,1,br-int-4-half,"{""lv_at_branch"":8}"
42,foreach,C,16,int,0,,10000,,64,,,0,,,85,937040,15,0.503,0.526,0.503,,,0,0,0,0,0,0,0,474448,0,839560,474448,0000158798257408,1,fe-int-11024,"{""sink"":36242011677584344}"
43,base_append,C,128,string,0,,100000,1,,,,0,,,4096,4096,15,11.882,13.326,11.007,,,4,2144,1,0,1,0,0,474424,18556544,18556544,474424,6983a2558110d545,1,ba-string-100000-1,
44,base_append,A,0,int,0,,10000,64,,,,0,,,1,64,15,14699.219,14960.281,14662.109,,,1,160528,10032.5,0,0,0,0,474424,965960,1129800,474424,f0ad57df4960eb85,1,ba-int-10000-64,
45,base_append,A,0,int,0,,10000,1,,,,0,,,25,25,15,7173.32,8923.32,6941.68,,,1,160024,10001,0,0,0,0,474392,4898296,4898296,474392,a1b6c487627f1a40,1,ba-int-10000-1,
46,forks,A,0,int,0,,10000,,,1,,0,,,1,1,6,110084,111416,108666,9917,9917,8,1284736,80292,0,0,0,0,474784,966320,1130160,474784,e004ad1ab6dbe4d2,1,fk-1,"{""live_bytes_all_forks"":321168}"
47,base_append,C,128,string,0,,1000,16,,,,0,,,1807,28912,15,3.037,3.495,3.026,,,0.25,134,1,0,1,0,0,474424,5349184,5349184,474424,8e67b0ddf64b5e5e,1,ba-string-1000-16,
48,base_append,C,32,string,0,,100000,1024,,,,0,,,79,80896,15,3.098,3.347,2.92,,,0.0371,16.77,1,0,1,0,0,474424,9378080,9378080,474424,87451fa144f84ad8,1,ba-string-100000-1024,
49,foreach,C,32,int,0,,10000,,0,,,0,,,97,970000,15,0.495,0.51,0.494,,,0,0,0,0,0,0,0,474448,0,802160,474448,000013873287b208,1,fe-int-10000,"{""sink"":37510517048470680}"
50,destroy,B,0,int,0,16384,,,,,,0,,,1,16384,8,0.987,0.989,0.987,,,0,0,0,0,0,0,0,474408,1002792,1137960,474408,0000000000000000,1,,
51,branch,B,0,string,0,,1024,,,,,0,,half,122,122,15,972.336,1342.549,942.287,,,1,32784,1097,0,1097,0,0,474408,5057800,5057800,474408,d5f696839b6846d3,1,br-string-4-half,"{""lv_at_branch"":8}"
52,base_append,C,16,int,0,,1000,1024,,,,0,,,75,76800,15,3.002,3.115,2.845,,,0.0693,17.52,1,0,0,0,0,474424,2102848,2102848,474424,7b8e53e24891a6cc,1,ba-int-1000-1024,
53,base_append,B,0,int,0,,100,32,,,,0,,,1027,32864,15,13.324,13.841,13.235,,,0.0625,193,4.125,4,0,0,0,474392,8904216,8906776,474392,46a2c90e03d70df5,1,ba-int-100-32,
54,forks,C,64,int,0,,10000,,,4,,0,,,1,4,8,52,52.25,41.5,52,62.5,4,1120,40,0,0,0,1,474784,809336,809336,474784,eaac7ce3771bfacf,1,fk-4,"{""live_bytes_all_forks"":165608}"
55,base_append,B,0,string,0,,100000,4,,,,0,,,1,4,15,37312.5,40822.75,36739.5,,,0.25,524292,25001,0,25001,0,0,474424,9791232,9791232,474424,6b3786d1e674a16c,1,ba-string-100000-4,
56,base_append,A,0,int,0,,100000,1024,,,,0,,,1,1024,6,148349.731,148857.951,148072.144,,,1,1608208,100512.5,0,0,0,0,474808,5312200,6930120,474808,383caafaf213374a,1,ba-int-100000-1024,
57,base_append,B,0,string,0,,100,4,,,,0,,,600,2400,15,16.84,17.726,16.753,,,0.25,516,26,0,26,0,0,474424,2026360,2026360,474424,d697ab7efcf7800f,1,ba-string-100-4,
58,base_append,C,32,string,0,,10000,1024,,,,0,,,83,84992,15,3.214,3.666,2.987,,,0.0371,16.77,1,0,1,0,0,474424,2985984,2985984,474424,3206d78cb97e9326,1,ba-string-10000-1024,
59,branch,C,128,int,0,,1024,,,,,0,,boundary,1796,1796,15,15.846,15.915,15.753,,,4,2176,1,0,0,5,1,474448,5366184,5366184,474448,da4dbe144002c45d,1,br-int-7-boundary,"{""lv_at_branch"":128}"
60,destroy,B,0,string,0,16384,,,,,,0,,,1,16384,8,1.017,1.022,1.015,,,0,0,0,0,0,0,0,474440,1658184,1793352,474440,0000000000000000,1,,
61,base_append,C,64,int,0,,10000,16,,,,0,,,719,11504,15,2.785,3.741,2.774,,,0.25,70,1,0,0,0,0,474424,1793920,1793920,474424,4277fcf600eb5748,1,ba-int-10000-16,
62,foreach,C,64,int,0,,10000,,1,,,0,,,97,976208,15,0.496,0.508,0.495,,,0,0,0,0,0,0,0,474448,0,803496,474448,000013a6e7d69628,1,fe-int-10064,"{""sink"":37748433697813240}"
63,base_append,C,32,string,0,,1000,32,,,,0,,,1200,38400,15,3,3.326,2.938,,,0.125,19,1,0,1,0,0,474424,1438488,1438488,474424,cbb30a3ef264de0b,1,ba-string-1000-32,
64,linear,C,32,int,1,4096,,,,,,0,,,1,4096,15,24.587,26.459,24.485,,,1.0332,48.76,1,0,0,64.4688,0,474328,786704,786704,474328,e1afe464a1eeb2fb,1,lin-ret-int-4096,
65,base_append,A,0,string,0,,1000,64,,,,0,,,2,128,15,1554.688,1555.664,1553.055,,,1,16528,1032.5,0,1032.5,0,0,474424,594824,615304,474424,5f5271fda6a2fedb,1,ba-string-1000-64,
66,base_append,A,0,string,0,,100,1,,,,0,,,3571,3571,15,64.676,65.353,62.377,,,1,1624,101,0,101,0,0,474424,6909952,6909952,474424,e054259b2e6163b4,1,ba-string-100-1,
67,linear,C,32,string,0,1024,,,,,,0,,,1,1024,15,2.768,2.849,2.767,,,0.0371,16.77,1,0,1,0,0,474328,552464,552464,474328,165bfc4050d5b883,1,lin-dead-string-1024,
68,foreach,C,64,int,0,,10000,,64,,,0,,,65,916240,15,0.559,0.56,0.522,,,0,0,0,0,0,0,0,474448,0,950152,474448,00001b876b5eba08,1,fe-int-14096,"{""sink"":35444338444792470}"
69,linear,A,0,object,0,1024,,,,,,0,,,1,1024,15,1288.858,1352.824,1288.696,,,1.001,8208.01,512.5,0,512.5,0,0,474328,560344,576728,482520,6d7d60429257bfdf,1,lin-dead-object-1024,
70,foreach,A,0,int,0,,75536,,0,,,0,,,13,981968,15,0.529,0.539,0.493,,,0,0,0,0,0,0,0,474448,0,2899280,474448,00009386b7f83208,1,fe-int-75536,"{""sink"":38118603028295000}"
71,base_append,C,128,int,0,,10000,4,,,,0,,,800,3200,15,4.349,4.375,4.323,,,1,536,1,0,0,0,0,474392,2928696,2928696,474392,99f950c746178658,1,ba-int-10000-4,
72,linear,C,64,array,0,1024,,,,,,0,,,1,1024,15,2.686,2.889,2.645,,,0.0205,16.4,1,0,1,0,0,474328,773520,773520,474328,ffc2777778d9050b,1,lin-dead-array-1024,
73,linear,C,32,nested,0,4096,,,,,,0,,,1,4096,15,3.235,3.316,3.194,,,0.0332,16.76,1,0,1,0,0,474328,2556176,2556176,474328,44fb47bd5072b14f,1,lin-dead-nested-4096,
74,base_append,C,128,string,0,,100000,1024,,,,0,,,66,67584,15,2.876,3.795,2.716,,,0.0117,16.21,1,0,1,0,0,474424,9095112,9095112,474424,87451fa144f84ad8,1,ba-string-100000-1024,
75,branch,C,64,int,0,,1024,,,,,0,,worst,1200,1200,15,41.632,41.736,41.563,,,4,1152,64,0,0,4,1,474408,2218272,2218272,474408,32e2d40746d8d8d1,1,br-int-6-worst,"{""lv_at_branch"":63}"
76,base_append,C,16,int,0,,100,16,,,,0,,,1442,23072,15,3.063,3.213,3.014,,,0.25,22,1,0,0,0,0,474392,1078888,1078888,474392,526e2275c1539cf5,1,ba-int-100-16,
77,base_append,C,32,string,0,,10000,32,,,,0,,,1200,38400,15,2.963,3.006,2.92,,,0.125,19,1,0,1,0,0,474424,2089304,2089304,474424,e6f2bd899677864a,1,ba-string-10000-32,
78,linear,B,0,string,0,4096,,,,,,0,,,1,4096,15,2.441,2.472,2.421,,,0.0029,32.03,1,0.999,1,0,0,474328,773336,810200,474328,d1ed2231f0a267b3,1,lin-dead-string-4096,
79,base_append,C,64,int,0,,1000,16,,,,0,,,1027,16432,15,2.901,2.911,2.898,,,0.25,70,1,0,0,0,0,474392,1924416,1924416,474392,cc89482edb8ba160,1,ba-int-1000-16,
80,linear,C,64,string,1,16384,,,,,,0,,,1,16384,15,75.289,78.1,74,,,1.0162,48.38,1,0,1,128.4844,0,474328,2376976,2376976,474328,72b0f5230c3274cb,1,lin-ret-string-16384,
81,destroy,B,0,object,0,16384,,,,,,0,,,1,16384,8,1.976,1.979,1.973,,,0,0,0,0,0,0,0,474440,1912136,2047304,728392,0000000000000000,1,,
82,base_append,A,0,int,0,,100,64,,,,0,,,21,1344,15,202.133,212.829,202.071,,,1,2128,132.5,0,0,0,0,474392,543960,547032,474392,25c9a09dbb703120,1,ba-int-100-64,
83,foreach,C,128,int,0,,10000,,0,,,0,,,96,960000,15,0.495,0.509,0.494,,,0,0,0,0,0,0,0,474448,0,802160,474448,000013873287b208,1,fe-int-10000,"{""sink"":37124032041674760}"
84,base_append,C,64,int,0,,100,32,,,,0,,,800,25600,15,2.603,2.637,2.593,,,0.125,35,1,0,0,0,0,474392,1581368,1581368,474392,46a2c90e03d70df5,1,ba-int-100-32,
85,base_append,B,0,int,0,,1000,16,,,,0,,,184,2944,15,33.67,65.826,33.373,,,0.0625,1025,63.5,0,0,0,0,474392,4277016,4277016,474392,cc89482edb8ba160,1,ba-int-1000-16,
86,base_append,B,0,int,0,,100,1024,,,,0,,,54,55296,15,2.224,2.228,2.219,,,0.0049,62.08,1.0977,1.875,0,0,0,474424,2487800,2508280,474424,fd243c73dbc412f0,1,ba-int-100-1024,
87,base_append,C,128,string,0,,10000,4,,,,0,,,1200,4800,15,4.792,4.809,4.714,,,1,536,1,0,1,0,0,474424,4392184,4392184,474424,1a16fd1767ddbec6,1,ba-string-10000-4,
88,base_append,C,16,int,0,,100000,1,,,,0,,,4096,4096,15,11.434,12.197,10.732,,,4,352,1,0,0,0,0,474424,5381464,5381464,474424,3b335e27ff112313,1,ba-int-100000-1,
89,branch,C,64,int,0,,1024,,,,,0,,half,1200,1200,15,29.513,30.138,29.167,,,4,1152,33,0,0,4,1,474408,2218272,2218272,474408,0ae7d806e2d7d61e,1,br-int-6-half,"{""lv_at_branch"":32}"
90,base_append,C,128,int,0,,1000,64,,,,0,,,1030,65920,15,2.594,2.633,2.412,,,0.0625,33.5,1,0,0,0,0,474392,3251016,3251016,474392,a6ad414a035eb104,1,ba-int-1000-64,
91,branch,B,0,int,0,,1024,,,,,0,,half,135,135,15,1176.852,1468.519,1137.652,,,1,32784,1601,0,0,0,0,474408,5509672,5509672,474408,5934bac54a9d0773,1,br-int-7-half,"{""lv_at_branch"":64}"
92,base_append,B,0,string,0,,100000,64,,,,0,,,1,64,15,2310.547,2501.953,2291.672,,,0.0156,32768.25,1563.5,0,1563.5,0,0,474424,9793632,9793632,474424,25f64f6b5d86baac,1,ba-string-100000-64,
93,linear,A,0,string,1,1024,,,,,,0,,,1,1024,15,713.176,741.374,691.813,,,1.001,8208.01,512.5,0,512.5,0,0,474328,10581888,10581888,474328,165bfc4050d5b883,1,lin-ret-string-1024,
94,linear,A,0,nested,1,4096,,,,,,0,,,1,4096,6,4114.41,4147.786,4105.092,,,1.0002,32784,2048.5,0,2048.5,0,0,474408,144717776,144717776,474408,44fb47bd5072b14f,1,lin-ret-nested-4096,
95,base_append,C,128,string,0,,100000,16,,,,0,,,1200,19200,15,3.255,3.353,3.155,,,0.25,134,1,0,1,0,0,474424,10868056,10868056,474424,e4183092b3c97768,1,ba-string-100000-16,
96,base_append,C,64,int,0,,1000,64,,,,0,,,480,30720,15,2.713,2.958,2.463,,,0.0625,17.5,1,0,0,0,0,474392,1172024,1172024,474392,a6ad414a035eb104,1,ba-int-1000-64,
97,linear,C,32,array,0,1024,,,,,,0,,,1,1024,15,2.808,3.093,2.767,,,0.0371,16.77,1,0,1,0,0,474328,773648,773648,474328,ffc2777778d9050b,1,lin-dead-array-1024,
98,base_append,A,0,string,0,,100,64,,,,0,,,21,1344,15,228.237,236.049,212.395,,,1,2128,132.5,0,132.5,0,0,474424,550552,553624,474424,a23575fb359b72cb,1,ba-string-100-64,
99,read,C,64,int,0,,10000,,8,,,0,full,,100000,100000,15,0.649,0.656,0.648,,,0,0,0,0,0,0,0,474832,853832,853832,474832,000dba56110739a2,1,,
100,base_append,C,128,int,0,,100000,32,,,,0,,,900,28800,15,2.591,2.597,2.585,,,0.125,67,1,0,0,0,0,474424,6068920,6068920,474424,36bc3c9886230884,1,ba-int-100000-32,
101,vcreate,C,32,int,0,,64,,1,,,0,,,600,600,15,13.193,13.403,12.917,12.083,12.5,4,608,1,0,0,1,1,474376,0,923168,474376,0000000000000000,1,,
102,foreach,A,0,int,0,,10064,,0,,,0,,,96,966144,15,0.494,0.507,0.494,,,0,0,0,0,0,0,0,474448,0,802128,474448,000013a6e7d69628,1,fe-int-10064,"{""sink"":37359497346032680}"
103,read,C,32,int,0,,10000,,8,,,0,base,,100000,100000,15,0.564,0.591,0.538,,,0,0,0,0,0,0,0,474832,844616,844616,474832,000dc0651c0a2482,1,rd-base,
104,base_append,C,32,int,0,,1000,64,,,,0,,,423,27072,15,3.18,3.406,2.797,,,0.0781,17.63,1,0,0,0,0,474392,1094048,1094048,474392,a6ad414a035eb104,1,ba-int-1000-64,
105,base_append,B,0,string,0,,100,32,,,,0,,,719,23008,15,13.454,15.377,13.26,,,0.0625,193,4.125,4,4.125,0,0,474424,6382296,6384856,474424,9727c4da06513e03,1,ba-string-100-32,
106,base_append,B,0,string,0,,100000,32,,,,0,,,1,32,15,5015.625,5402.344,4822.906,,,0.0313,65536.5,3126,0,3126,0,0,474424,9792352,9792352,474424,994f8fb185288e84,1,ba-string-100000-32,
107,depth,C,64,int,0,,1024,,,,256,0,,,1,256,8,94.891,95.863,94.078,,,5.0195,1172.38,33.5,0,0,4.9844,1,474400,521880,523312,474400,a6c97b664136c7bf,1,,"{""live_bytes_depth"":21672}"
108,base_append,A,0,string,0,,100000,32,,,,0,,,1,32,15,194432.281,196604.156,192346.344,,,1,1600272,100016.5,0,100016.5,0,0,474424,9280328,10881864,474424,994f8fb185288e84,1,ba-string-100000-32,
109,read,C,128,int,0,,10000,,8,,,0,full,,100000,100000,15,0.65,0.656,0.648,,,0,0,0,0,0,0,0,474832,872264,872264,474832,000dc1d2c24136a2,1,,
110,linear,C,32,int,1,65536,,,,,,0,,,1,65536,5,588.658,590.521,587.231,,,1.0314,48.75,1,0,0,1024.4688,0,474408,5471584,5471584,474408,9f836d3a8baba8bc,1,lin-ret-int-65536,
111,base_append,C,64,string,0,,1000,1024,,,,0,,,69,70656,15,2.824,2.87,2.779,,,0.0205,16.4,1,0,1,0,0,474424,2031024,2031024,474424,855adeaaec7a8476,1,ba-string-1000-1024,
112,destroy,C,16,array,0,16384,,,,,,0,,,1,16384,8,2.136,2.157,2.134,,,0,0,0,0,0,0,0,474440,5266816,5266816,474440,0000000000000000,1,,
113,base_append,C,16,int,0,,1000,32,,,,0,,,800,25600,15,3.143,3.63,3.035,,,0.1563,19.25,1,0,0,0,0,474392,1101880,1101880,474392,48d38a9181c4637c,1,ba-int-1000-32,
114,base_append,C,32,string,0,,100,1,,,,0,,,2400,2400,15,11.129,12.587,11.007,,,4,608,1,0,1,0,0,474424,2249760,2249760,474424,e054259b2e6163b4,1,ba-string-100-1,
115,base_append,C,16,string,0,,10000,1,,,,0,,,3614,3614,15,11.425,12.544,11.195,,,4,352,1,0,1,0,0,474424,2709456,2709456,474424,a8c9836683df5cf5,1,ba-string-10000-1,
116,linear,A,0,array,0,1024,,,,,,0,,,1,1024,15,1369.589,1392.537,1317.586,,,1.001,8208.01,512.5,0,512.5,0,0,474328,773336,789720,474328,ffc2777778d9050b,1,lin-dead-array-1024,
117,base_append,C,32,string,0,,100,4,,,,0,,,2400,9600,15,4.87,5.013,4.796,,,1,152,1,0,1,0,0,474424,2249880,2249880,474424,d697ab7efcf7800f,1,ba-string-100-4,
118,base_append,C,16,int,0,,100,4,,,,0,,,1796,7184,15,4.414,4.802,4.391,,,1,88,1,0,0,0,0,474392,1227160,1227160,474392,516dfccebf7220d1,1,ba-int-100-4,
119,base_append,A,0,int,0,,100000,32,,,,0,,,1,32,15,146229.156,148812.5,145526.063,,,1,1600272,100016.5,0,0,0,0,474424,5279048,6880584,474424,36bc3c9886230884,1,ba-int-100000-32,
120,base_append,C,32,int,0,,100,1,,,,0,,,1435,1435,15,10.569,11.672,10.511,,,4,608,1,0,0,0,0,474392,1534976,1534976,474392,f75ffeb8407d8c47,1,ba-int-100-1,
121,base_append,C,16,int,0,,100,1024,,,,0,,,71,72704,15,2.97,3.232,2.813,,,0.0693,17.52,1,0,0,0,0,474424,1991776,1991776,474424,fd243c73dbc412f0,1,ba-int-100-1024,
122,base_append,C,32,int,0,,100,4,,,,0,,,1200,4800,15,4.41,4.618,4.384,,,1,152,1,0,0,0,0,474392,1363896,1363896,474392,516dfccebf7220d1,1,ba-int-100-4,
123,base_append,A,0,int,0,,100,32,,,,0,,,48,1536,15,176.893,186.686,176.812,,,1,1872,116.5,0,0,0,0,474392,602008,604568,474392,46a2c90e03d70df5,1,ba-int-100-32,
124,destroy,C,128,array,0,16384,,,,,,0,,,1,16384,8,2.022,2.024,2.019,,,0,0,0,0,0,0,0,474440,5259648,5259648,474440,0000000000000000,1,,
125,linear,C,32,string,1,16384,,,,,,0,,,1,16384,15,85.993,89.137,84.554,,,1.0319,48.75,1,0,1,256.4688,0,474328,2379024,2379024,474328,72b0f5230c3274cb,1,lin-ret-string-16384,
126,base_append,C,128,string,0,,100000,32,,,,0,,,719,23008,15,2.852,2.863,2.841,,,0.125,67,1,0,1,0,0,474424,9590912,9590912,474424,994f8fb185288e84,1,ba-string-100000-32,
127,linear,B,0,nested,0,16384,,,,,,0,,,1,16384,15,2.782,2.978,2.724,,,0.0009,32.01,1,0.9998,1,0,0,474328,8735960,8871128,474328,a4215f297dad968f,1,lin-dead-nested-16384,
128,linear,B,0,int,0,65536,,,,,,0,,,1,65536,15,2.127,2.154,2.106,,,0.0002,32,1,0.9999,0,0,0,474328,2575576,3103960,474328,9f836d3a8baba8bc,1,lin-dead-int-65536,
129,linear,C,64,string,0,4096,,,,,,0,,,1,4096,15,3.133,3.357,2.879,,,0.0173,16.38,1,0,1,0,0,474328,786192,786192,474328,d1ed2231f0a267b3,1,lin-dead-string-4096,
130,linear,C,128,int,0,4096,,,,,,0,,,1,4096,15,2.34,3.296,2.319,,,0.0093,16.19,1,0,0,0,0,474328,622096,622096,474328,e1afe464a1eeb2fb,1,lin-dead-int-4096,
131,linear,C,128,object,0,65536,,,,,,0,,,1,65536,8,3.345,4.177,3.133,,,0.008,16.19,1,0,1,0,0,474440,6499712,6499712,1514824,d4d0b339df764e0a,1,lin-dead-object-65536,
132,foreach,A,0,int,0,,11024,,0,,,0,,,88,970112,15,0.494,0.497,0.494,,,0,0,0,0,0,0,0,474448,0,834896,474448,0000158798257408,1,fe-int-11024,"{""sink"":37520306015004040}"
133,base_append,C,16,string,0,,100,16,,,,0,,,1200,19200,15,3.103,3.24,3.069,,,0.25,22,1,0,1,0,0,474424,984824,984824,474424,a433fde0ca4b111f,1,ba-string-100-16,
134,base_append,C,32,string,0,,10000,16,,,,0,,,3571,57136,15,3.319,3.374,3.097,,,0.25,38,1,0,1,0,0,474424,3831136,3831136,474424,442e58edb84b240e,1,ba-string-10000-16,
135,base_append,C,32,string,0,,100000,64,,,,0,,,655,41920,15,3.264,3.552,3.144,,,0.0781,17.63,1,0,1,0,0,474424,8584320,8584320,474424,25f64f6b5d86baac,1,ba-string-100000-64,
136,base_append,C,16,string,0,,100,64,,,,0,,,600,38400,15,2.977,3.026,2.929,,,0.1094,17.88,1,0,1,0,0,474424,1314872,1314872,474424,a23575fb359b72cb,1,ba-string-100-64,
137,base_append,C,32,int,0,,100000,1024,,,,0,,,105,107520,15,3.042,3.276,2.744,,,0.0371,16.77,1,0,0,0,0,474424,5877968,5877968,474424,383caafaf213374a,1,ba-int-100000-1024,
138,base_append,C,32,int,0,,10000,16,,,,0,,,1796,28736,15,2.907,3.309,2.838,,,0.25,38,1,0,0,0,0,474424,2126008,2126008,474424,4277fcf600eb5748,1,ba-int-10000-16,
139,base_append,C,32,int,0,,10000,4,,,,0,,,1807,7228,15,4.456,4.612,4.393,,,1,152,1,0,0,0,0,474392,2133984,2133984,474392,99f950c746178658,1,ba-int-10000-4,
140,base_append,C,64,string,0,,1000,64,,,,0,,,480,30720,15,2.866,3.2,2.734,,,0.0625,17.5,1,0,1,0,0,474424,1214616,1214616,474424,5f5271fda6a2fedb,1,ba-string-1000-64,
141,base_append,C,128,int,0,,1000,32,,,,0,,,655,20960,15,2.604,2.747,2.598,,,0.125,67,1,0,0,0,0,474392,2253920,2253920,474392,48d38a9181c4637c,1,ba-int-1000-32,
142,base_append,A,0,string,0,,100000,16,,,,0,,,1,16,15,192046.875,196000,188247.375,,,1,1600144,100008.5,0,100008.5,0,0,474424,9279688,10881224,474424,e4183092b3c97768,1,ba-string-100000-16,
143,linear,B,0,int,0,1024,,,,,,0,,,1,1024,15,1.994,2.034,1.953,,,0.0098,32.09,1,0.9961,0,0,0,474328,511192,523480,474328,10d750485dff5f42,1,lin-dead-int-1024,
144,linear,B,0,array,0,4096,,,,,,0,,,1,4096,15,2.492,2.543,2.452,,,0.0029,32.03,1,0.999,1,0,0,474328,1658072,1694936,474328,09d684cff1ede49b,1,lin-dead-array-4096,
145,base_append,A,0,int,0,,10000,4,,,,0,,,4,16,15,12359.375,13367.188,12317.688,,,1,160048,10002.5,0,0,0,0,474392,1457464,1621304,474392,99f950c746178658,1,ba-int-10000-4,
146,base_append,B,0,int,0,,10000,4,,,,0,,,22,88,15,2529.352,2624.045,2448.398,,,0.25,65540,2501,0,0,0,0,474392,6659544,6659544,474392,99f950c746178658,1,ba-int-10000-4,
147,base_append,C,128,int,0,,100,64,,,,0,,,423,27072,15,2.412,2.419,2.41,,,0.0625,33.5,1,0,0,0,0,474392,1603488,1603488,474392,25c9a09dbb703120,1,ba-int-100-64,
148,base_append,A,0,int,0,,1000,1,,,,0,,,225,225,15,481.667,930.369,479.262,,,1,16024,1001,0,0,0,0,474392,4195608,4195608,474392,93cca32fd182c49d,1,ba-int-1000-1,
149,linear,C,16,string,1,16384,,,,,,0,,,1,16384,15,164.124,165.148,163.877,,,1.0632,49.5,1,0,1,512.4375,0,474328,2383120,2383120,474328,72b0f5230c3274cb,1,lin-ret-string-16384,
150,vcreate,C,64,int,0,,64,,64,,,0,,,1200,1200,15,48.472,49.479,46.389,51.701,52.362,4,2112,1,0,0,64,1,474376,0,3472576,474376,0000000000000000,1,,
151,base_append,A,0,int,0,,100000,4,,,,0,,,1,4,15,194468.75,198937.5,192416.75,,,1,1600048,100002.5,0,0,0,0,474392,5279016,6880552,474392,643898b1322dd762,1,ba-int-100000-4,
152,base_append,B,0,string,0,,10000,1,,,,0,,,18,18,15,14310.167,17141.222,14034.722,,,1,262160,10001,0,10001,0,0,474424,5994624,5994624,474424,a8c9836683df5cf5,1,ba-string-10000-1,
153,linear,C,128,array,0,4096,,,,,,0,,,1,4096,15,3.133,3.469,2.991,,,0.0093,16.19,1,0,1,0,0,474328,1670672,1670672,474328,09d684cff1ede49b,1,lin-dead-array-4096,
154,base_append,C,64,string,0,,100,4,,,,0,,,900,3600,15,4.722,4.769,4.676,,,1,280,1,0,1,0,0,474424,1721592,1721592,474424,d697ab7efcf7800f,1,ba-string-100-4,
155,base_append,A,0,string,0,,1000,1,,,,0,,,194,194,15,631.871,692.655,590.418,,,1,16024,1001,0,1001,0,0,474424,3727520,3727520,474424,aa77e5bc29801f9b,1,ba-string-1000-1,
156,base_append,C,128,string,0,,100000,64,,,,0,,,360,23040,15,2.875,2.922,2.866,,,0.0625,33.5,1,0,1,0,0,474424,8636440,8636440,474424,25f64f6b5d86baac,1,ba-string-100000-64,
157,base_append,C,32,int,0,,1000,16,,,,0,,,1796,28736,15,2.865,2.923,2.817,,,0.25,38,1,0,0,0,0,474392,1831064,1831064,474392,cc89482edb8ba160,1,ba-int-1000-16,
158,base_append,C,16,int,0,,1000,4,,,,0,,,1796,7184,15,4.414,4.42,4.385,,,1,88,1,0,0,0,0,474392,1256344,1256344,474392,f1591d888dcf0d7e,1,ba-int-1000-4,
159,forks,C,64,int,0,,10000,,,16,,0,,,1,16,8,44.25,46.875,41.688,52.125,52.125,4,1120,40,0,0,0,1,474784,825848,825848,474784,08f8bda462d864aa,1,fk-16,"{""live_bytes_all_forks"":179048}"
160,linear,C,32,object,1,1024,,,,,,0,,,1,1024,15,10.213,10.376,10.091,,,1.0371,48.77,1,0,1,16.4688,0,474328,601616,601616,482520,6d7d60429257bfdf,1,lin-ret-object-1024,
161,foreach,C,64,int,0,,10000,,1024,,,0,,,11,830896,15,0.605,0.618,0.564,,,0,0,0,0,0,0,0,474448,0,3169672,474448,00009386b7f83208,1,fe-int-75536,"{""sink"":32279157458003000}"
162,base_append,C,64,object,0,,10000,1,,,,0,,,4096,4096,15,11.088,11.119,11.057,,,4,1120,1,0,1,0,0,474424,6961152,6961152,597304,3b1a5c0d0710a088,1,ba-object-10000-1,
163,linear,C,64,object,0,4096,,,,,,0,,,1,4096,15,2.909,3.184,2.879,,,0.0173,16.38,1,0,1,0,0,474328,843536,843536,531672,a90dfee62da19683,1,lin-dead-object-4096,
164,base_append,C,16,string,0,,100000,1024,,,,0,,,62,63488,15,3.102,3.176,2.867,,,0.0693,17.52,1,0,1,0,0,474424,9040360,9040360,474424,87451fa144f84ad8,1,ba-string-100000-1024,
165,base_append,A,0,string,0,,100000,1,,,,0,,,1,1,15,90292,174375,89708,,,1,1600024,100001,0,100001,0,0,474424,9279088,9279088,474424,6983a2558110d545,1,ba-string-100000-1,
166,destroy,A,0,nested,0,16384,,,,,,0,,,1,16384,8,1.996,2.139,1.991,,,0,0,0,0,0,0,0,474440,8736072,8998216,474440,0000000000000000,1,,
167,base_append,C,64,string,0,,100000,1,,,,0,,,3614,3614,15,11.057,11.103,11.033,,,4,1120,1,0,1,0,0,474424,12654288,12654288,474424,6983a2558110d545,1,ba-string-100000-1,
168,base_append,B,0,string,0,,100000,1,,,,0,,,1,1,15,151416,162916,145416,,,1,2097168,100001,0,100001,0,0,474424,9791112,9791112,474424,6983a2558110d545,1,ba-string-100000-1,
169,base_append,C,32,string,0,,100000,16,,,,0,,,2400,38400,15,3.294,3.534,3.065,,,0.25,38,1,0,1,0,0,474424,9445848,9445848,474424,e4183092b3c97768,1,ba-string-100000-16,
170,linear,C,128,string,0,4096,,,,,,0,,,1,4096,15,3.296,3.581,3.042,,,0.0093,16.19,1,0,1,0,0,474328,785936,785936,474328,d1ed2231f0a267b3,1,lin-dead-string-4096,
171,linear,A,0,int,0,4096,,,,,,0,,,1,4096,15,2914.205,2931.803,2912.506,,,1.0002,32784,2048.5,0,0,0,0,474328,609496,675032,474328,e1afe464a1eeb2fb,1,lin-dead-int-4096,
172,linear,B,0,nested,1,4096,,,,,,0,,,1,4096,6,4919.719,4950.022,4909.983,,,1.0002,43706.69,2048.5,0,2048.5,0,0,474408,197759736,197759736,474408,44fb47bd5072b14f,1,lin-ret-nested-4096,
173,linear,C,16,object,1,4096,,,,,,0,,,1,4096,15,49.011,52.145,48.96,,,1.0647,49.51,1,0,1,128.4375,0,474328,1008912,1008912,531672,a90dfee62da19683,1,lin-ret-object-4096,
174,linear,C,64,array,0,4096,,,,,,0,,,1,4096,15,3.021,3.255,2.96,,,0.0173,16.38,1,0,1,0,0,474328,1670928,1670928,474328,09d684cff1ede49b,1,lin-dead-array-4096,
175,linear,C,64,object,1,16384,,,,,,0,,,1,16384,15,75.709,75.951,75.221,,,1.0162,48.38,1,0,1,128.4844,0,474328,2630928,2630928,728280,6197cb953c2f1bf3,1,lin-ret-object-16384,
176,linear,C,32,array,0,4096,,,,,,0,,,1,4096,15,3.174,3.398,3.001,,,0.0332,16.76,1,0,1,0,0,474328,1671440,1671440,474328,09d684cff1ede49b,1,lin-dead-array-4096,
177,base_append,C,32,int,0,,1000,32,,,,0,,,1200,38400,15,3.094,3.441,2.867,,,0.125,19,1,0,0,0,0,474392,1397176,1397176,474392,48d38a9181c4637c,1,ba-int-1000-32,
178,base_append,C,16,int,0,,10000,64,,,,0,,,800,51200,15,3.057,3.275,2.812,,,0.1094,17.88,1,0,0,0,0,474424,1904728,1904728,474424,f0ad57df4960eb85,1,ba-int-10000-64,
179,base_append,C,32,int,0,,100,32,,,,0,,,1200,38400,15,2.855,2.933,2.79,,,0.125,19,1,0,0,0,0,474392,1364664,1364664,474392,46a2c90e03d70df5,1,ba-int-100-32,
180,destroy,B,0,string,1,2048,,,,,,0,,,1,2048,6,1251.912,1282.633,1243.652,,,0,0,0,0,0,0,0,474440,53252888,53252888,474440,0000000000000000,1,,
181,read,C,64,int,0,,10000,,8,,,0,last,,100000,100000,15,0.607,0.615,0.605,,,0,0,0,0,0,0,0,474832,853832,853832,474832,000dae8d6cce0ca2,1,,
182,read,A,0,int,0,,10000,,8,,,0,base,,100000,100000,15,0.514,0.518,0.509,,,0,0,0,0,0,0,0,474832,851664,851664,474832,000dc0651c0a2482,1,rd-base,
183,linear,C,64,int,1,4096,,,,,,0,,,1,4096,15,20.742,21.444,20.66,,,1.0173,48.38,1,0,0,32.4844,0,474328,786192,786192,474328,e1afe464a1eeb2fb,1,lin-ret-int-4096,
184,base_append,A,0,string,0,,100,32,,,,0,,,46,1472,15,186.51,200.351,186.226,,,1,1872,116.5,0,116.5,0,0,474424,602200,604760,474424,9727c4da06513e03,1,ba-string-100-32,
185,base_append,C,32,int,0,,100000,4,,,,0,,,1027,4108,15,4.412,4.544,4.361,,,1,152,1,0,0,0,0,474424,4437472,4437472,474424,643898b1322dd762,1,ba-int-100000-4,
186,vcreate,C,128,int,0,,64,,8,,,0,,,600,600,15,17.64,18.125,17.362,16.25,16.458,4,2240,1,0,0,8,1,474376,0,2171392,474376,0000000000000000,1,,
187,read,C,16,int,0,,10000,,8,,,0,mixed,,100000,100000,15,0.622,0.648,0.6,,,0,0,0,0,0,0,0,474832,837960,837960,474832,000dca7607b7cae2,1,,
188,base_append,C,32,int,0,,1000,4,,,,0,,,2400,9600,15,4.622,4.991,4.418,,,1,152,1,0,0,0,0,474392,2274872,2274872,474392,f1591d888dcf0d7e,1,ba-int-1000-4,
189,linear,C,64,object,0,1024,,,,,,0,,,1,1024,15,2.646,3.012,2.645,,,0.0205,16.4,1,0,1,0,0,474328,560528,560528,482520,6d7d60429257bfdf,1,lin-dead-object-1024,
190,base_append,C,16,int,0,,100,32,,,,0,,,800,25600,15,2.993,3.06,2.938,,,0.1563,19.25,1,0,0,0,0,474392,1069368,1069368,474392,46a2c90e03d70df5,1,ba-int-100-32,
191,base_append,B,0,int,0,,100000,32,,,,0,,,2,64,15,3618.5,3975.922,3533.203,,,0.0313,65536.5,3126,0,0,0,0,474424,7904632,7904632,474424,36bc3c9886230884,1,ba-int-100000-32,
192,base_append,B,0,string,0,,100,1024,,,,0,,,50,51200,15,2.537,2.598,2.363,,,0.0049,62.08,1.0977,1.875,1.0977,0,0,474424,2385304,2405784,474424,5901fab5efd9bf2f,1,ba-string-100-1024,
193,base_append,C,16,string,0,,100000,64,,,,0,,,721,46144,15,3.008,3.383,2.927,,,0.1094,17.88,1,0,1,0,0,474424,8674608,8674608,474424,25f64f6b5d86baac,1,ba-string-100000-64,
194,base_append,C,16,string,0,,100,4,,,,0,,,1807,7228,15,4.721,4.761,4.704,,,1,88,1,0,1,0,0,474424,1235840,1235840,474424,d697ab7efcf7800f,1,ba-string-100-4,
195,linear,C,32,object,1,4096,,,,,,0,,,1,4096,15,25.106,25.848,24.984,,,1.0332,48.76,1,0,1,64.4688,0,474328,1007888,1007888,531672,a90dfee62da19683,1,lin-ret-object-4096,
196,base_append,C,32,int,0,,100000,1,,,,0,,,2400,2400,15,10.59,11.962,10.521,,,4,608,1,0,0,0,0,474424,5445208,5445208,474424,3b335e27ff112313,1,ba-int-100000-1,
197,linear,C,128,object,1,1024,,,,,,0,,,1,1024,15,6.592,6.755,6.552,,,1.0117,48.21,1,0,1,4.4922,0,474328,601424,601424,482520,6d7d60429257bfdf,1,lin-ret-object-1024,
198,linear,A,0,string,0,1024,,,,,,0,,,1,1024,15,841.512,882.446,838.379,,,1.001,8208.01,512.5,0,512.5,0,0,474328,552152,568536,474328,165bfc4050d5b883,1,lin-dead-string-1024,
199,base_append,A,0,int,0,,10000,32,,,,0,,,1,32,15,14496.094,14606.781,14463.563,,,1,160272,10016.5,0,0,0,0,474424,965960,1129800,474424,d969fe0d6965f4c4,1,ba-int-10000-32,
200,base_append,C,32,int,0,,10000,1,,,,0,,,3614,3614,15,10.664,11.99,10.595,,,4,608,1,0,0,0,0,474392,3465864,3465864,474392,a1b6c487627f1a40,1,ba-int-10000-1,
201,base_append,A,0,int,0,,1000,64,,,,0,,,3,192,15,1461.156,1539.495,1460.505,,,1,16528,1032.5,0,0,0,0,474392,572720,593200,474392,a6ad414a035eb104,1,ba-int-1000-64,
202,base_append,B,0,int,0,,100,4,,,,0,,,1027,4108,15,13.084,13.673,13.023,,,0.25,516,26,0,0,0,0,474392,3119384,3119384,474392,516dfccebf7220d1,1,ba-int-100-4,
203,branch,C,64,string,0,,1024,,,,,0,,half,4096,4096,15,39.368,39.581,38.564,,,4,1152,33,0,33,4,1,474408,6345792,6345792,474408,9ebbf9e5c9807f45,1,br-string-6-half,"{""lv_at_branch"":32}"
204,read,A,0,int,0,,10000,,8,,,0,mixed,,100000,100000,15,0.509,0.546,0.486,,,0,0,0,0,0,0,0,474832,851664,851664,474832,000dbbb9037ca2e2,1,,
205,foreach,C,32,int,0,,10000,,8,,,0,,,91,933296,15,0.497,0.513,0.497,,,0,0,0,0,0,0,0,474448,0,811464,474448,00001407d565a288,1,fe-int-10256,"{""sink"":36097135278789816}"
206,linear,C,16,int,0,1024,,,,,,0,,,1,1024,15,2.482,2.563,2.481,,,0.0693,17.52,1,0,0,0,0,474328,511760,511760,474328,10d750485dff5f42,1,lin-dead-int-1024,
207,base_append,C,32,int,0,,10000,1024,,,,0,,,96,98304,15,2.976,3.104,2.835,,,0.0371,16.77,1,0,0,0,0,474424,2815320,2815320,474424,9a21c971ff833e48,1,ba-int-10000-1024,
208,linear,C,32,array,0,65536,,,,,,0,,,1,65536,8,3.532,3.734,3.511,,,0.0314,16.75,1,0,1,0,0,474408,19627360,19627360,474408,63e98e6e620efd26,1,lin-dead-array-65536,
209,branch,A,0,int,0,,1024,,,,,0,,half,118,118,15,639.831,641.949,638.771,,,1,25624,1601,0,0,0,0,474408,3916072,3916072,474408,5934bac54a9d0773,1,br-int-7-half,"{""lv_at_branch"":64}"
210,base_append,C,128,string,0,,100,1,,,,0,,,3614,3614,15,10.976,11.806,10.93,,,4,2144,1,0,1,0,0,474424,10084720,10084720,474424,e054259b2e6163b4,1,ba-string-100-1,
211,linear,A,0,object,0,4096,,,,,,0,,,1,4096,15,6155.253,6177.104,6136.749,,,1.0002,32784,2048.5,0,2048.5,0,0,474328,830680,896216,531672,a90dfee62da19683,1,lin-dead-object-4096,
212,base_append,C,32,int,0,,100000,64,,,,0,,,449,28736,15,3.16,3.374,3.023,,,0.0781,17.63,1,0,0,0,0,474424,4295856,4295856,474424,4cdea0178042d4c6,1,ba-int-100000-64,
213,linear,B,0,array,1,4096,,,,,,0,,,1,4096,6,4390.544,4405.334,4379.405,,,1.0002,43706.69,2048.5,0,2048.5,0,0,474408,196875000,196875000,474408,09d684cff1ede49b,1,lin-ret-array-4096,
214,base_append,C,16,string,0,,1000,64,,,,0,,,342,21888,15,2.922,2.972,2.878,,,0.1094,17.88,1,0,1,0,0,474424,1024808,1024808,474424,5f5271fda6a2fedb,1,ba-string-1000-64,
215,base_append,C,32,string,0,,100,16,,,,0,,,1200,19200,15,3.073,3.088,3.062,,,0.25,38,1,0,1,0,0,474424,1368824,1368824,474424,a433fde0ca4b111f,1,ba-string-100-16,
216,base_append,A,0,string,0,,10000,64,,,,0,,,1,64,15,19190.109,19614.594,18229.172,,,1,160528,10032.5,0,10032.5,0,0,474424,1368520,1532360,474424,d1288a0148114f2a,1,ba-string-10000-64,
217,invisible,C,128,string,0,1281,1000,5120,,,,0,,,1,1,0,,,,,,0,0,0,0,0,0,0,474384,0,936872,474384,6634188004b80b93,1,,"{""live_slots_tip"":6120,""live_bytes_tip"":98848,""live_slots_snap"":2408,""live_bytes_snap"":39192,""visible_count"":2281,""invisible_slots"":127,""invisible_slot_bound"":128,""blocks_live_snap"":11,""spine_arr_bytes_snap"":512}"
218,linear,C,128,int,1,4096,,,,,,0,,,1,4096,15,11.861,14.842,11.271,,,1.0093,48.19,1,0,0,16.4922,0,474328,785936,785936,474328,e1afe464a1eeb2fb,1,lin-ret-int-4096,
219,read,C,16,int,0,,10000,,8,,,0,last,,100000,100000,15,0.649,0.665,0.604,,,0,0,0,0,0,0,0,474832,837960,837960,474832,000de2dfe125b582,1,,
220,linear,B,0,nested,0,4096,,,,,,0,,,1,4096,15,2.879,3.021,2.737,,,0.0029,32.03,1,0.999,1,0,0,474328,2542808,2579672,474328,44fb47bd5072b14f,1,lin-dead-nested-4096,
221,base_append,B,0,string,0,,100,64,,,,0,,,655,41920,15,5.566,6.317,5.367,,,0.0313,96.5,2.5625,2,2.5625,0,0,474424,5859800,5862360,474424,a23575fb359b72cb,1,ba-string-100-64,
222,destroy,C,16,nested,0,16384,,,,,,0,,,1,16384,8,2.151,2.187,2.131,,,0,0,0,0,0,0,0,474440,8805760,8805760,474440,0000000000000000,1,,
223,linear,C,64,int,1,65536,,,,,,0,,,1,65536,5,462.741,466.077,459.539,,,1.0158,48.38,1,0,0,512.4844,0,474408,5463392,5463392,474408,9f836d3a8baba8bc,1,lin-ret-int-65536,
224,base_append,B,0,string,0,,1000,64,,,,0,,,114,7296,15,19.046,25.779,17.881,,,0.0313,768.5,16.625,16,16.625,0,0,474424,4757368,4777848,474424,5f5271fda6a2fedb,1,ba-string-1000-64,
225,base_append,A,0,string,0,,100000,1024,,,,0,,,1,1024,6,200591.757,200803.711,200440.552,,,1,1608208,100512.5,0,100512.5,0,0,474808,9353160,10971080,474808,87451fa144f84ad8,1,ba-string-100000-1024,
226,base_append,C,128,int,0,,100,32,,,,0,,,900,28800,15,2.598,2.784,2.587,,,0.125,67,1,0,0,0,0,474392,2870168,2870168,474392,46a2c90e03d70df5,1,ba-int-100-32,
227,linear,C,64,string,1,1024,,,,,,0,,,1,1024,15,8.016,8.098,7.853,,,1.0205,48.4,1,0,1,8.4844,0,474328,593296,593296,474328,165bfc4050d5b883,1,lin-ret-string-1024,
228,linear,C,128,nested,0,4096,,,,,,0,,,1,4096,15,3.387,3.713,3.245,,,0.0093,16.19,1,0,1,0,0,474328,2555408,2555408,474328,44fb47bd5072b14f,1,lin-dead-nested-4096,
229,base_append,C,128,string,0,,1000,1,,,,0,,,2400,2400,15,11.129,13.941,11.094,,,4,2144,1,0,1,0,0,474424,6922944,6922944,474424,aa77e5bc29801f9b,1,ba-string-1000-1,
230,linear,C,16,int,1,4096,,,,,,0,,,1,4096,15,48.615,48.879,45.308,,,1.0647,49.51,1,0,0,128.4375,0,474328,787728,787728,474328,e1afe464a1eeb2fb,1,lin-ret-int-4096,
231,read,B,0,int,0,,10000,,8,,,0,mixed,,100000,100000,15,0.469,0.477,0.463,,,0,0,0,0,0,0,0,474832,851664,851664,474832,000dbbb9037ca2e2,1,,
232,branch,C,32,int,0,,1024,,,,,0,,half,1796,1796,15,23.803,24.081,23.664,,,4,640,17,0,0,4,1,474408,1900032,1900032,474408,3ecfce5f98aec082,1,br-int-5-half,"{""lv_at_branch"":16}"
233,invisible,C,32,string,0,336,1000,1280,,,,0,,,1,1,0,,,,,,0,0,0,0,0,0,0,474384,0,645032,474384,58074d7fe720670c,1,,"{""live_slots_tip"":2280,""live_bytes_tip"":37408,""live_slots_snap"":1352,""live_bytes_snap"":22296,""visible_count"":1336,""invisible_slots"":16,""invisible_slot_bound"":32,""blocks_live_snap"":11,""spine_arr_bytes_snap"":512}"
234,base_append,C,64,int,0,,1000,32,,,,0,,,1200,38400,15,2.642,2.722,2.609,,,0.125,35,1,0,0,0,0,474392,2165176,2165176,474392,48d38a9181c4637c,1,ba-int-1000-32,
235,base_append,C,64,string,0,,100000,16,,,,0,,,3614,57824,15,3.258,3.31,3.037,,,0.25,70,1,0,1,0,0,474424,12654888,12654888,474424,e4183092b3c97768,1,ba-string-100000-16,
236,foreach,C,16,int,0,,10000,,1024,,,0,,,33,870672,15,0.552,0.56,0.551,,,0,0,0,0,0,0,0,474448,0,1400200,474448,000033873be3d208,1,fe-int-26384,"{""sink"":33710271440693400}"
237,linear,A,0,nested,0,4096,,,,,,0,,,1,4096,15,6886.668,6932.922,6859.894,,,1.0002,32784,2048.5,0,2048.5,0,0,474328,2542808,2608344,474328,44fb47bd5072b14f,1,lin-dead-nested-4096,
238,base_append,C,128,int,0,,10000,64,,,,0,,,480,30720,15,2.615,2.634,2.441,,,0.0625,33.5,1,0,0,0,0,474424,2077272,2077272,474424,f0ad57df4960eb85,1,ba-int-10000-64,
239,foreach,A,0,int,0,,26384,,0,,,0,,,38,1002592,15,0.494,0.518,0.494,,,0,0,0,0,0,0,0,474448,0,1326416,474448,000033873be3d208,1,fe-int-26384,"{""sink"":38809304095588200}"
240,base_append,C,128,string,0,,10000,1024,,,,0,,,59,60416,15,3.057,3.555,2.74,,,0.0117,16.21,1,0,1,0,0,474424,2475392,2475392,474424,3206d78cb97e9326,1,ba-string-10000-1024,
241,base_append,C,16,int,0,,1000,1,,,,0,,,2400,2400,15,11.319,12.188,10.764,,,4,352,1,0,0,0,0,474392,1506872,1506872,474392,93cca32fd182c49d,1,ba-int-1000-1,
242,base_append,C,128,string,0,,1000,1024,,,,0,,,70,71680,15,3.005,3.305,2.854,,,0.0117,16.21,1,0,1,0,0,474424,2047208,2047208,474424,855adeaaec7a8476,1,ba-string-1000-1024,
243,base_append,C,64,string,0,,100,32,,,,0,,,1200,38400,15,2.872,2.929,2.858,,,0.125,35,1,0,1,0,0,474424,2137976,2137976,474424,9727c4da06513e03,1,ba-string-100-32,
244,linear,A,0,nested,1,1024,,,,,,0,,,1,1024,15,756.836,775.473,746.46,,,1.001,8208.01,512.5,0,512.5,0,0,474328,11024256,11024256,474328,a7c9ef95cc20ecef,1,lin-ret-nested-1024,
245,linear,C,128,object,0,4096,,,,,,0,,,1,4096,15,3.571,4.008,3.154,,,0.0093,16.19,1,0,1,0,0,474328,843280,843280,531672,a90dfee62da19683,1,lin-dead-object-4096,
246,read,C,128,int,0,,10000,,8,,,0,mixed,,100000,100000,15,0.685,0.71,0.672,,,0,0,0,0,0,0,0,474832,872264,872264,474832,000db2618647d982,1,,
247,foreach,A,0,int,0,,10512,,0,,,0,,,93,977616,15,0.494,0.51,0.494,,,0,0,0,0,0,0,0,474448,0,818512,474448,00001487f1f49308,1,fe-int-10512,"{""sink"":37811638400583000}"
248,vcreate,C,128,int,0,,64,,1024,,,0,,,70,70,15,2301.786,2341.071,2291.671,1162.5,1165.486,4,18496,1,0,0,1024,1,474376,0,6557736,474376,0000000000000000,1,,
249,linear,C,16,object,1,1024,,,,,,0,,,1,1024,15,15.381,15.666,15.259,,,1.0693,49.52,1,0,1,32.4375,0,474328,601872,601872,482520,6d7d60429257bfdf,1,lin-ret-object-1024,
250,base_append,B,0,string,0,,1000,4,,,,0,,,171,684,15,156.31,301.17,154.057,,,0.25,4100,251,0,251,0,0,474424,4050968,4050968,474424,5388a4bfc5c1298a,1,ba-string-1000-4,
251,base_append,C,32,string,0,,100000,32,,,,0,,,1435,45920,15,3.189,3.267,2.952,,,0.125,19,1,0,1,0,0,474424,8735776,8735776,474424,994f8fb185288e84,1,ba-string-100000-32,
252,foreach,A,0,int,0,,10016,,0,,,0,,,99,991584,15,0.494,0.53,0.494,,,0,0,0,0,0,0,0,474448,0,802128,474448,0000138fcca4e190,1,fe-int-10016,"{""sink"":38349360607461870}"
253,linear,C,16,nested,0,65536,,,,,,0,,,1,65536,8,3.322,3.468,3.243,,,0.0627,17.5,1,0,1,0,0,474440,33799552,33799552,474440,f1daf9261b2e9d89,1,lin-dead-nested-65536,
254,linear,C,64,int,0,4096,,,,,,0,,,1,4096,15,2.401,2.472,2.37,,,0.0173,16.38,1,0,0,0,0,474328,622352,622352,474328,e1afe464a1eeb2fb,1,lin-dead-int-4096,
255,base_append,C,32,string,0,,10000,1,,,,0,,,898,898,15,11.09,15.636,10.718,,,4,608,1,0,1,0,0,474424,1864112,1864112,474424,a8c9836683df5cf5,1,ba-string-10000-1,
256,linear,C,64,int,1,1024,,,,,,0,,,1,1024,15,7.609,7.894,7.608,,,1.0205,48.4,1,0,0,8.4844,0,474328,552336,552336,474328,10d750485dff5f42,1,lin-ret-int-1024,
257,linear,A,0,array,0,16384,,,,,,0,,,1,16384,6,25102.997,25116.559,25071.66,,,1.0001,131088,8192.5,0,8192.5,0,0,474408,5197096,5459240,474408,a0a527edbf76c633,1,lin-dead-array-16384,
258,depth,C,64,int,0,,1024,,,,256,1,,,1,256,8,46.063,48.016,45.738,,,5.0195,1172.38,33.5,0,0,4.9844,1,474792,869064,869096,474792,a6c97b664136c7bf,1,,"{""live_bytes_depth"":304168}"
259,base_append,C,32,string,0,,10000,64,,,,0,,,449,28736,15,3.165,3.387,2.922,,,0.0781,17.63,1,0,1,0,0,474424,1823024,1823024,474424,d1288a0148114f2a,1,ba-string-10000-64,
260,branch,C,16,string,0,,1024,,,,,0,,worst,1200,1200,15,25.695,26.007,25.383,,,4,384,16,0,16,4,1,474440,1101688,1101688,474440,37fd368482938a95,1,br-string-4-worst,"{""lv_at_branch"":15}"
261,linear,C,16,object,0,4096,,,,,,0,,,1,4096,15,2.96,3.459,2.94,,,0.0647,17.51,1,0,1,0,0,474328,845072,845072,531672,a90dfee62da19683,1,lin-dead-object-4096,
262,invisible,C,16,string,0,161,1000,640,,,,0,,,1,1,0,,,,,,0,0,0,0,0,0,0,474384,0,598440,474384,0f62c48273c47133,1,,"{""live_slots_tip"":1640,""live_bytes_tip"":27168,""live_slots_snap"":1176,""live_bytes_snap"":19480,""visible_count"":1161,""invisible_slots"":15,""invisible_slot_bound"":16,""blocks_live_snap"":11,""spine_arr_bytes_snap"":512}"
263,linear,B,0,string,0,65536,,,,,,0,,,1,65536,15,2.455,3.206,2.41,,,0.0002,32,1,0.9999,1,0,0,474328,5197016,5725400,474328,9cbbb5e4c7bc7156,1,lin-dead-string-65536,
264,base_append,B,0,int,0,,10000,32,,,,0,,,23,736,15,305.649,311.651,297.838,,,0.0313,8192.5,313.5,0,0,0,0,474424,6925816,6925816,474424,d969fe0d6965f4c4,1,ba-int-10000-32,
265,read,B,0,int,0,,10000,,8,,,0,base,,100000,100000,15,0.486,0.495,0.483,,,0,0,0,0,0,0,0,474832,851664,851664,474832,000dc0651c0a2482,1,rd-base,
266,base_append,C,16,string,0,,100000,4,,,,0,,,898,3592,15,4.686,5.081,4.64,,,1,88,1,0,1,0,0,474424,8052264,8052264,474424,6b3786d1e674a16c,1,ba-string-100000-4,
267,linear,C,16,string,0,65536,,,,,,0,,,1,65536,8,3.577,3.848,3.529,,,0.0627,17.5,1,0,1,0,0,474440,5488000,5488000,474440,9cbbb5e4c7bc7156,1,lin-dead-string-65536,
268,linear,B,0,object,1,1024,,,,,,0,,,1,1024,15,896.892,904.378,892.009,,,1.001,10938.77,512.5,0,512.5,0,0,474328,15446696,15446696,482520,6d7d60429257bfdf,1,lin-ret-object-1024,
269,base_append,B,0,string,0,,10000,32,,,,0,,,19,608,15,441.133,458.401,432.702,,,0.0313,8192.5,313.5,0,313.5,0,0,474424,6262104,6262104,474424,e6f2bd899677864a,1,ba-string-10000-32,
270,linear,B,0,string,1,4096,,,,,,0,,,1,4096,6,4235.423,4258.382,4231.395,,,1.0002,43706.69,2048.5,0,2048.5,0,0,474408,195990264,195990264,474408,d1ed2231f0a267b3,1,lin-ret-string-4096,
271,base_append,C,64,string,0,,10000,4,,,,0,,,900,3600,15,4.676,4.769,4.641,,,1,280,1,0,1,0,0,474424,2441688,2441688,474424,1a16fd1767ddbec6,1,ba-string-10000-4,
272,linear,C,16,nested,0,4096,,,,,,0,,,1,4096,15,3.245,3.296,3.225,,,0.0647,17.51,1,0,1,0,0,474328,2557200,2557200,474328,44fb47bd5072b14f,1,lin-dead-nested-4096,
273,base_append,B,0,string,0,,100,1,,,,0,,,1442,1442,15,60.911,73.711,59.958,,,1,2064,101,0,101,0,0,474424,4185856,4185856,474424,e054259b2e6163b4,1,ba-string-100-1,
274,linear,B,0,nested,0,65536,,,,,,0,,,1,65536,15,2.956,4.547,2.928,,,0.0002,32,1,0.9999,1,0,0,474328,33508568,34036952,474328,f1daf9261b2e9d89,1,lin-dead-nested-65536,
275,base_append,C,128,int,0,,100000,4,,,,0,,,655,2620,15,4.342,4.373,4.31,,,1,536,1,0,0,0,0,474424,5420160,5420160,474424,643898b1322dd762,1,ba-int-100000-4,
276,base_append,B,0,int,0,,10000,1024,,,,0,,,18,18432,15,9.967,10.516,9.716,,,0.001,256.02,10.7656,0,0,0,0,474424,5610968,5610968,474424,9a21c971ff833e48,1,ba-int-10000-1024,
277,linear,C,16,object,0,65536,,,,,,0,,,1,65536,8,3.5,3.635,3.398,,,0.0627,17.5,1,0,1,0,0,474440,6528384,6528384,1514824,d4d0b339df764e0a,1,lin-dead-object-65536,
278,linear,C,128,string,0,65536,,,,,,0,,,1,65536,8,3.832,4.392,3.38,,,0.008,16.19,1,0,1,0,0,474440,5459328,5459328,474440,9cbbb5e4c7bc7156,1,lin-dead-string-65536,
279,base_append,A,0,int,0,,10000,1024,,,,0,,,1,1024,15,16402.669,16483.072,16250.162,,,1,168208,10512.5,0,0,0,0,474424,998728,1178952,474424,9a21c971ff833e48,1,ba-int-10000-1024,
280,linear,C,64,array,0,65536,,,,,,0,,,1,65536,8,3.811,3.96,3.731,,,0.0158,16.38,1,0,1,0,0,474408,19619168,19619168,474408,63e98e6e620efd26,1,lin-dead-array-65536,
281,forks,C,64,int,0,,10000,,,64,,0,,,1,64,8,44.922,45.578,44.922,51.438,52.734,4,1120,40,0,0,0,1,474784,891896,891896,474784,502e64ac91959698,1,fk-64,"{""live_bytes_all_forks"":232808}"
282,base_append,C,16,int,0,,10000,32,,,,0,,,1027,32864,15,3.305,3.412,3.073,,,0.1563,19.25,1,0,0,0,0,474424,1562080,1562080,474424,d969fe0d6965f4c4,1,ba-int-10000-32,
283,base_append,B,0,int,0,,100,64,,,,0,,,266,17024,15,3.16,3.742,3.152,,,0.0313,96.5,2.5625,2,0,0,0,474392,2660888,2663448,474392,25c9a09dbb703120,1,ba-int-100-64,
284,base_append,B,0,string,0,,100000,16,,,,0,,,1,16,15,9750,10549.5,9234.375,,,0.0625,131073,6251,0,6251,0,0,474424,9791712,9791712,474424,e4183092b3c97768,1,ba-string-100000-16,
285,base_append,C,16,string,0,,100000,1,,,,0,,,4096,4096,15,11.597,11.841,11.169,,,4,352,1,0,1,0,0,474424,9381504,9381504,474424,6983a2558110d545,1,ba-string-100000-1,
286,base_append,C,16,int,0,,100,1,,,,0,,,1442,1442,15,11.009,11.24,10.605,,,4,352,1,0,0,0,0,474392,1078632,1078632,474392,f75ffeb8407d8c47,1,ba-int-100-1,
287,linear,C,16,string,1,4096,,,,,,0,,,1,4096,15,45.99,46.702,45.888,,,1.0647,49.51,1,0,1,128.4375,0,474328,951568,951568,474328,d1ed2231f0a267b3,1,lin-ret-string-4096,
288,linear,A,0,array,1,4096,,,,,,0,,,1,4096,6,3876.271,3912.689,3858.551,,,1.0002,32784,2048.5,0,2048.5,0,0,474408,143833040,143833040,474408,09d684cff1ede49b,1,lin-ret-array-4096,
289,destroy,B,0,array,0,16384,,,,,,0,,,1,16384,8,1.973,1.976,1.971,,,0,0,0,0,0,0,0,474440,5197128,5332296,474440,0000000000000000,1,,
290,linear,C,64,int,0,1024,,,,,,0,,,1,1024,15,2.4,2.767,2.359,,,0.0205,16.4,1,0,0,0,0,474328,511376,511376,474328,10d750485dff5f42,1,lin-dead-int-1024,
291,base_append,C,128,string,0,,1000,4,,,,0,,,719,2876,15,4.766,4.824,4.694,,,1,536,1,0,1,0,0,474424,2459488,2459488,474424,5388a4bfc5c1298a,1,ba-string-1000-4,
292,vcreate,C,128,int,0,,64,,1,,,0,,,2048,2048,15,13.469,13.55,13.367,12.614,12.715,4,2144,1,0,0,1,1,474376,0,5921888,474376,0000000000000000,1,,
293,base_append,C,16,int,0,,100000,16,,,,0,,,898,14368,15,3.028,3.167,2.822,,,0.25,22,1,0,0,0,0,474424,4052104,4052104,474424,3c179c6d7f79e06d,1,ba-int-100000-16,
294,linear,C,128,object,0,1024,,,,,,0,,,1,1024,15,2.563,3.214,2.522,,,0.0117,16.21,1,0,1,0,0,474328,560464,560464,482520,6d7d60429257bfdf,1,lin-dead-object-1024,
295,base_append,B,0,object,0,,10000,64,,,,0,,,19,1216,15,223.855,240.097,218.271,,,0.0156,4096.25,157.25,0,157.25,0,0,474424,6386264,6386264,597304,3e0995e52ddb186a,1,ba-object-10000-64,
296,base_append,B,0,string,0,,1000,32,,,,0,,,107,3424,15,31.493,52.935,30.934,,,0.0625,1537,32.25,32,32.25,0,0,474424,4497912,4518392,474424,cbb30a3ef264de0b,1,ba-string-1000-32,
297,base_append,B,0,int,0,,100,1,,,,0,,,514,514,15,46.206,46.37,46.043,,,1,2064,101,0,0,0,0,474392,1802008,1802008,474392,f75ffeb8407d8c47,1,ba-int-100-1,
298,base_append,C,128,int,0,,100000,16,,,,0,,,719,11504,15,2.753,2.995,2.738,,,0.25,134,1,0,0,0,0,474424,5589632,5589632,474424,3c179c6d7f79e06d,1,ba-int-100000-16,
299,base_append,C,64,string,0,,100,1024,,,,0,,,87,89088,15,2.979,3.218,2.765,,,0.0205,16.4,1,0,1,0,0,474424,2340224,2340224,474424,5901fab5efd9bf2f,1,ba-string-100-1024,
300,base_append,A,0,object,0,,10000,1,,,,0,,,19,19,15,10048.211,13146.947,9975.895,,,1,160024,10001,0,10001,0,0,474424,4438144,4438144,597304,3b1a5c0d0710a088,1,ba-object-10000-1,
301,base_append,B,0,string,0,,10000,64,,,,0,,,19,1216,15,220.909,231.188,216.386,,,0.0156,4096.25,157.25,0,157.25,0,0,474424,6263384,6263384,474424,d1288a0148114f2a,1,ba-string-10000-64,
302,linear,B,0,array,1,1024,,,,,,0,,,1,1024,15,912.679,996.216,901.855,,,1.001,10938.77,512.5,0,512.5,0,0,474328,15659688,15659688,474328,ffc2777778d9050b,1,lin-ret-array-1024,
303,base_append,B,0,int,0,,100000,1024,,,,0,,,2,2048,6,115.092,121.989,113.302,,,0.001,2048.02,98.6563,0,0,0,0,474808,7921400,7921400,474808,383caafaf213374a,1,ba-int-100000-1024,
304,base_append,C,32,int,0,,100000,32,,,,0,,,553,17696,15,2.8,3.301,2.748,,,0.125,19,1,0,0,0,0,474424,4088304,4088304,474424,36bc3c9886230884,1,ba-int-100000-32,
305,read,C,128,int,0,,10000,,8,,,0,last,,100000,100000,15,0.609,0.652,0.605,,,0,0,0,0,0,0,0,474832,872264,872264,474832,000d99c3ec18b4a2,1,,
306,foreach,C,32,int,0,,10000,,1024,,,0,,,19,812592,15,0.568,0.604,0.568,,,0,0,0,0,0,0,0,474448,0,1990024,474448,00005388553ff208,1,fe-int-42768,"{""sink"":31502838742730936}"
307,base_append,C,128,int,0,,100000,1,,,,0,,,1027,1027,15,10.386,10.467,10.306,,,4,2144,1,0,0,0,0,474424,6409312,6409312,474424,3b335e27ff112313,1,ba-int-100000-1,
308,base_append,C,32,int,0,,1000,1,,,,0,,,1796,1796,15,10.625,12.389,10.579,,,4,608,1,0,0,0,0,474392,1831064,1831064,474392,93cca32fd182c49d,1,ba-int-1000-1,
309,invisible,C,16,string,0,168,1000,640,,,,0,,,1,1,0,,,,,,0,0,0,0,0,0,0,474384,0,598440,474384,a19a8545ae15216f,1,,"{""live_slots_tip"":1640,""live_bytes_tip"":27168,""live_slots_snap"":1176,""live_bytes_snap"":19480,""visible_count"":1168,""invisible_slots"":8,""invisible_slot_bound"":16,""blocks_live_snap"":11,""spine_arr_bytes_snap"":512}"
310,base_append,C,16,string,0,,100,32,,,,0,,,719,23008,15,2.899,3.019,2.879,,,0.1563,19.25,1,0,1,0,0,474424,1015712,1015712,474424,9727c4da06513e03,1,ba-string-100-32,
311,destroy,A,0,object,0,16384,,,,,,0,,,1,16384,8,2.118,2.151,2.118,,,0,0,0,0,0,0,0,474440,1912136,2174280,728392,0000000000000000,1,,
312,branch,C,16,int,0,,1024,,,,,0,,worst,1442,1442,15,23.607,25.544,23.492,,,4,384,16,0,0,4,1,474408,1163856,1163856,474408,8fb6b1db29b6d42c,1,br-int-4-worst,"{""lv_at_branch"":15}"
313,base_append,A,0,int,0,,1000,4,,,,0,,,45,180,15,1191.894,1275.922,1190.972,,,1,16048,1002.5,0,0,0,0,474392,1244824,1261208,474392,f1591d888dcf0d7e,1,ba-int-1000-4,
314,base_append,C,64,int,0,,10000,1024,,,,0,,,107,109568,15,2.784,2.982,2.607,,,0.0205,16.4,1,0,0,0,0,474424,3030464,3030464,474424,9a21c971ff833e48,1,ba-int-10000-1024,
315,branch,C,32,int,0,,1024,,,,,0,,boundary,1200,1200,15,16.042,16.319,15.833,,,4,640,1,0,0,5,1,474448,1443016,1443016,474448,ea145fa6ef770b0e,1,br-int-5-boundary,"{""lv_at_branch"":32}"
316,base_append,C,64,object,0,,10000,64,,,,0,,,554,35456,15,2.724,2.76,2.705,,,0.0625,17.5,1,0,1,0,0,474424,2093640,2093640,597304,3e0995e52ddb186a,1,ba-object-10000-64,
317,forks,C,64,int,0,,10000,,,256,,0,,,1,256,8,45.41,45.738,45.082,51.758,51.918,4,1120,40,0,0,0,1,474784,1160184,1160184,474784,810a3c8e8749e7e4,1,fk-256,"{""live_bytes_all_forks"":447848}"
318,linear,C,128,int,1,1024,,,,,,0,,,1,1024,15,6.348,6.43,6.267,,,1.0117,48.21,1,0,0,4.4922,0,474328,552272,552272,474328,10d750485dff5f42,1,lin-ret-int-1024,
319,base_append,C,128,int,0,,1000,1024,,,,0,,,79,80896,15,2.524,2.925,2.432,,,0.0117,16.21,1,0,0,0,0,474424,2151648,2151648,474424,7b8e53e24891a6cc,1,ba-int-1000-1024,
320,linear,C,32,int,1,1024,,,,,,0,,,1,1024,15,10.214,10.295,10.132,,,1.0371,48.77,1,0,0,16.4688,0,474328,552464,552464,474328,10d750485dff5f42,1,lin-ret-int-1024,
321,foreach,C,16,int,0,,10000,,1,,,0,,,95,951520,15,0.494,0.53,0.494,,,0,0,0,0,0,0,0,474448,0,802536,474448,0000138fcca4e190,1,fe-int-10016,"{""sink"":36800760515629420}"
322,base_append,C,64,int,0,,10000,4,,,,0,,,1807,7228,15,4.404,4.427,4.375,,,1,280,1,0,0,0,0,474392,3290464,3290464,474392,99f950c746178658,1,ba-int-10000-4,
323,base_append,C,128,string,0,,100,16,,,,0,,,1796,28736,15,3.032,3.109,3.025,,,0.25,134,1,0,1,0,0,474424,5255128,5255128,474424,a433fde0ca4b111f,1,ba-string-100-16,
324,destroy,C,128,string,0,16384,,,,,,0,,,1,16384,8,1.099,1.208,1.091,,,0,0,0,0,0,0,0,474440,1720704,1720704,474440,0000000000000000,1,,
325,linear,A,0,object,1,1024,,,,,,0,,,1,1024,15,732.381,746.256,695.109,,,1.001,8208.01,512.5,0,512.5,0,0,474328,10590080,10590080,482520,6d7d60429257bfdf,1,lin-ret-object-1024,
326,base_append,C,32,int,0,,100,1024,,,,0,,,83,84992,15,2.886,3.197,2.737,,,0.0371,16.77,1,0,0,0,0,474424,2223232,2223232,474424,fd243c73dbc412f0,1,ba-int-100-1024,
327,destroy,C,16,int,0,16384,,,,,,0,,,1,16384,8,1.144,1.152,1.142,,,0,0,0,0,0,0,0,474408,1072480,1072480,474408,0000000000000000,1,,
328,base_append,A,0,string,0,,10000,32,,,,0,,,1,32,15,17993.5,19348.969,17901.063,,,1,160272,10016.5,0,10016.5,0,0,474424,1367240,1531080,474424,e6f2bd899677864a,1,ba-string-10000-32,
329,base_append,C,64,int,0,,1000,1,,,,0,,,2400,2400,15,10.625,10.677,10.573,,,4,1120,1,0,0,0,0,474392,3810872,3810872,474392,93cca32fd182c49d,1,ba-int-1000-1,
330,base_append,C,64,string,0,,10000,16,,,,0,,,800,12800,15,3.031,3.044,3.005,,,0.25,70,1,0,1,0,0,474424,2305368,2305368,474424,442e58edb84b240e,1,ba-string-10000-16,
331,linear,C,16,string,0,4096,,,,,,0,,,1,4096,15,3.133,3.286,3.052,,,0.0647,17.51,1,0,1,0,0,474328,787728,787728,474328,d1ed2231f0a267b3,1,lin-dead-string-4096,
332,read,C,16,int,0,,10000,,8,,,0,base,,100000,100000,15,0.566,0.599,0.54,,,0,0,0,0,0,0,0,474832,837960,837960,474832,000dc0651c0a2482,1,rd-base,
333,base_append,C,128,int,0,,1000,4,,,,0,,,1442,5768,15,4.392,4.457,4.363,,,1,536,1,0,0,0,0,474392,4337896,4337896,474392,f1591d888dcf0d7e,1,ba-int-1000-4,
334,base_append,C,16,int,0,,100000,1024,,,,0,,,69,70656,15,3.1,3.284,2.753,,,0.0693,17.52,1,0,0,0,0,474424,5146864,5146864,474424,383caafaf213374a,1,ba-int-100000-1024,
335,base_append,B,0,int,0,,1000,4,,,,0,,,225,900,15,171.991,232.083,166.944,,,0.25,4100,251,0,0,0,0,474392,5117208,5117208,474392,f1591d888dcf0d7e,1,ba-int-1000-4,
336,linear,B,0,object,0,1024,,,,,,0,,,1,1024,15,2.197,2.279,2.156,,,0.0098,32.09,1,0.9961,1,0,0,474328,560344,572632,482520,6d7d60429257bfdf,1,lin-dead-object-1024,
337,destroy,C,128,nested,0,16384,,,,,,0,,,1,16384,8,2.029,2.032,2.024,,,0,0,0,0,0,0,0,474440,8798592,8798592,474440,0000000000000000,1,,
338,linear,C,32,object,0,4096,,,,,,0,,,1,4096,15,3.296,3.458,2.98,,,0.0332,16.76,1,0,1,0,0,474328,844048,844048,531672,a90dfee62da19683,1,lin-dead-object-4096,
339,linear,C,16,string,1,1024,,,,,,0,,,1,1024,15,15.177,15.259,15.097,,,1.0693,49.52,1,0,1,32.4375,0,474328,593680,593680,474328,165bfc4050d5b883,1,lin-ret-string-1024,
340,branch,C,64,string,0,,1024,,,,,0,,boundary,3614,3614,15,15.98,17.121,15.853,,,4,1152,1,0,1,5,1,474448,5672312,5672312,474448,58c60c7ecf099c5e,1,br-string-6-boundary,"{""lv_at_branch"":64}"
341,foreach,A,0,int,0,,141072,,0,,,0,,,7,987504,15,0.529,0.579,0.529,,,0,0,0,0,0,0,0,474448,0,4996480,474448,000113873d68b208,1,fe-int-141072,"{""sink"":38474211658846710}"
342,base_append,C,16,string,0,,10000,16,,,,0,,,800,12800,15,3.089,3.132,3.037,,,0.25,22,1,0,1,0,0,474424,1537368,1537368,474424,442e58edb84b240e,1,ba-string-10000-16,
343,linear,C,16,array,0,4096,,,,,,0,,,1,4096,15,3.031,3.082,3.011,,,0.0647,17.51,1,0,1,0,0,474328,1672464,1672464,474328,09d684cff1ede49b,1,lin-dead-array-4096,
344,base_append,C,128,string,0,,10000,1,,,,0,,,2400,2400,15,11.077,11.875,11.007,,,4,2144,1,0,1,0,0,474424,7577856,7577856,474424,a8c9836683df5cf5,1,ba-string-10000-1,
345,base_append,C,64,int,0,,100000,16,,,,0,,,1442,23072,15,2.77,2.794,2.75,,,0.25,70,1,0,0,0,0,474424,5662472,5662472,474424,3c179c6d7f79e06d,1,ba-int-100000-16,
346,destroy,B,0,nested,0,16384,,,,,,0,,,1,16384,8,1.984,1.991,1.973,,,0,0,0,0,0,0,0,474440,8736072,8871240,474440,0000000000000000,1,,
347,base_append,B,0,int,0,,100000,1,,,,0,,,2,2,15,115125,118333.5,111771,,,1,2097168,100001,0,0,0,0,474392,7904600,7904600,474392,3b335e27ff112313,1,ba-int-100000-1,
348,read,C,32,int,0,,10000,,8,,,0,last,,100000,100000,15,0.649,0.665,0.604,,,0,0,0,0,0,0,0,474832,844616,844616,474832,000e1691f8cfbc22,1,,
349,linear,A,0,int,1,1024,,,,,,0,,,1,1024,15,631.063,658.772,623.942,,,1.001,8208.01,512.5,0,0,0,0,474328,10540928,10540928,474328,10d750485dff5f42,1,lin-ret-int-1024,
350,foreach,A,0,string,0,,10512,,0,,,0,,,88,925056,15,0.543,0.547,0.506,,,0,0,0,0,0,0,0,474448,0,1238992,474448,0000000000017190,1,fe-str-10512,"{""sink"":149953680}"
351,linear,A,0,array,0,4096,,,,,,0,,,1,4096,15,6087.718,6415.466,6061.574,,,1.0002,32784,2048.5,0,2048.5,0,0,474328,1658072,1723608,474328,09d684cff1ede49b,1,lin-dead-array-4096,
352,linear,B,0,int,0,4096,,,,,,0,,,1,4096,15,2.106,2.156,2.065,,,0.0029,32.03,1,0.999,0,0,0,474328,609496,646360,474328,e1afe464a1eeb2fb,1,lin-dead-int-4096,
353,read,C,64,int,0,,10000,,8,,,0,base,,100000,100000,15,0.578,0.584,0.558,,,0,0,0,0,0,0,0,474832,853832,853832,474832,000dc0651c0a2482,1,rd-base,
354,base_append,C,128,int,0,,100,1024,,,,0,,,79,80896,15,2.683,3.117,2.447,,,0.0117,16.21,1,0,0,0,0,474424,2124768,2124768,474424,fd243c73dbc412f0,1,ba-int-100-1024,
355,base_append,C,128,int,0,,100000,1024,,,,0,,,84,86016,15,2.678,2.858,2.463,,,0.0117,16.21,1,0,0,0,0,474424,5425080,5425080,474424,383caafaf213374a,1,ba-int-100000-1024,
356,foreach,C,16,int,0,,10000,,8,,,0,,,93,941904,15,0.532,0.536,0.496,,,0,0,0,0,0,0,0,474448,0,804808,474448,000013c814c08a48,1,fe-int-10128,"{""sink"":36431354770539800}"
357,vcreate,C,16,int,0,,64,,1024,,,0,,,112,112,15,567.714,601.196,560.268,698.286,715.027,4,16704,1,0,0,1024,1,474376,0,2964032,474376,0000000000000000,1,,
358,base_append,C,128,string,0,,100,32,,,,0,,,1435,45920,15,2.885,3.095,2.872,,,0.125,67,1,0,1,0,0,474424,4296256,4296256,474424,9727c4da06513e03,1,ba-string-100-32,
359,base_append,C,64,string,0,,100,16,,,,0,,,898,14368,15,3.028,3.242,3.013,,,0.25,70,1,0,1,0,0,474424,1719592,1719592,474424,a433fde0ca4b111f,1,ba-string-100-16,
360,base_append,C,16,string,0,,1000,16,,,,0,,,1200,19200,15,3.134,3.268,3.09,,,0.25,22,1,0,1,0,0,474424,1049752,1049752,474424,8e67b0ddf64b5e5e,1,ba-string-1000-16,
361,base_append,C,16,int,0,,100000,4,,,,0,,,1200,4800,15,4.418,4.453,4.34,,,1,88,1,0,0,0,0,474424,4179416,4179416,474424,643898b1322dd762,1,ba-int-100000-4,
362,linear,B,0,object,0,16384,,,,,,0,,,1,16384,15,2.406,2.413,2.396,,,0.0009,32.01,1,0.9998,1,0,0,474328,1912024,2047192,728280,6197cb953c2f1bf3,1,lin-dead-object-16384,
363,base_append,C,16,string,0,,100,1024,,,,0,,,65,66560,15,3.072,3.31,2.869,,,0.0693,17.52,1,0,1,0,0,474424,1910448,1910448,474424,5901fab5efd9bf2f,1,ba-string-100-1024,
364,base_append,B,0,string,0,,10000,16,,,,0,,,20,320,15,914.453,924.609,850.781,,,0.0625,16385,626,0,626,0,0,474424,6527704,6527704,474424,442e58edb84b240e,1,ba-string-10000-16,
365,base_append,C,128,int,0,,10000,32,,,,0,,,1200,38400,15,2.633,2.745,2.628,,,0.125,67,1,0,0,0,0,474424,3992024,3992024,474424,d969fe0d6965f4c4,1,ba-int-10000-32,
366,linear,C,32,int,1,16384,,,,,,0,,,1,16384,15,89.455,89.625,89.142,,,1.0319,48.75,1,0,0,256.4688,0,474328,1723664,1723664,474328,0160e968244e678b,1,lin-ret-int-16384,
367,base_append,C,32,int,0,,100000,16,,,,0,,,1200,19200,15,3.036,3.088,2.828,,,0.25,38,1,0,0,0,0,474424,4563416,4563416,474424,3c179c6d7f79e06d,1,ba-int-100000-16,
368,branch,C,128,string,0,,1024,,,,,0,,half,1807,1807,15,62.811,63.18,62.557,,,4,2176,65,0,65,4,1,474408,5459784,5459784,474408,9e8cf0f0d0d2f564,1,br-string-7-half,"{""lv_at_branch"":64}"
369,base_append,C,64,string,0,,100000,32,,,,0,,,1796,57472,15,3.108,3.173,2.888,,,0.125,35,1,0,1,0,0,474424,10152120,10152120,474424,994f8fb185288e84,1,ba-string-100000-32,
370,base_append,A,0,string,0,,100,4,,,,0,,,360,1440,15,149.392,151.62,141.175,,,1,1648,102.5,0,102.5,0,0,474424,1130360,1132152,474424,d697ab7efcf7800f,1,ba-string-100-4,
371,base_append,A,0,int,0,,1000,1024,,,,0,,,1,1024,15,2150.513,2162.354,2149.82,,,1,24208,1512.5,0,0,0,0,474424,556360,589128,474424,7b8e53e24891a6cc,1,ba-int-1000-1024,
372,read,C,64,int,0,,10000,,8,,,0,mixed,,100000,100000,15,0.723,0.74,0.71,,,0,0,0,0,0,0,0,474832,853832,853832,474832,000dbbb9037ca2e2,1,,
373,foreach,C,64,int,0,,10000,,8,,,0,,,91,956592,15,0.5,0.536,0.499,,,0,0,0,0,0,0,0,474448,0,820680,474448,00001487f1f49308,1,fe-int-10512,"{""sink"":36998970351376440}"
374,branch,C,32,string,0,,1024,,,,,0,,worst,1200,1200,15,35.278,37.917,35.104,,,4,640,32,0,32,4,1,474440,1490488,1490488,474440,8a9b54c52057f385,1,br-string-5-worst,"{""lv_at_branch"":31}"
375,linear,B,0,int,0,16384,,,,,,0,,,1,16384,15,2.07,2.492,2.029,,,0.0009,32.01,1,0.9998,0,0,0,474328,1002712,1137880,474328,0160e968244e678b,1,lin-dead-int-16384,
376,foreach,C,128,int,0,,10000,,1,,,0,,,95,962160,15,0.532,0.547,0.495,,,0,0,0,0,0,0,0,474448,0,804776,474448,000013c814c08a48,1,fe-int-10128,"{""sink"":37214357022324536}"
377,base_append,C,32,string,0,,100,1024,,,,0,,,82,83968,15,3.066,3.432,2.947,,,0.0371,16.77,1,0,1,0,0,474424,2247400,2247400,474424,5901fab5efd9bf2f,1,ba-string-100-1024,
378,base_append,C,64,int,0,,100,1,,,,0,,,2400,2400,15,10.66,10.712,10.608,,,4,1120,1,0,0,0,0,474392,3781688,3781688,474392,f75ffeb8407d8c47,1,ba-int-100-1,
379,invisible,C,32,string,0,321,1000,1280,,,,0,,,1,1,0,,,,,,0,0,0,0,0,0,0,474384,0,645032,474384,c8562e9c1330f1f2,1,,"{""live_slots_tip"":2280,""live_bytes_tip"":37408,""live_slots_snap"":1352,""live_bytes_snap"":22296,""visible_count"":1321,""invisible_slots"":31,""invisible_slot_bound"":32,""blocks_live_snap"":11,""spine_arr_bytes_snap"":512}"
380,foreach,C,16,int,0,,10000,,0,,,0,,,100,1000000,15,0.531,0.543,0.494,,,0,0,0,0,0,0,0,474448,0,802160,474448,000013873287b208,1,fe-int-10000,"{""sink"":38669972068858440}"
381,base_append,C,64,int,0,,100000,32,,,,0,,,900,28800,15,2.629,2.813,2.623,,,0.125,35,1,0,0,0,0,474424,4916920,4916920,474424,36bc3c9886230884,1,ba-int-100000-32,
382,foreach,C,128,int,0,,10000,,64,,,0,,,51,927792,15,0.521,0.534,0.52,,,0,0,0,0,0,0,0,474448,0,1097608,474448,000023875535c208,1,fe-int-18192,"{""sink"":35899960414931640}"
383,base_append,C,64,int,0,,100000,64,,,,0,,,1200,76800,15,2.626,2.923,2.482,,,0.0625,17.5,1,0,0,0,0,474424,5331416,5331416,474424,4cdea0178042d4c6,1,ba-int-100000-64,
384,branch,C,32,int,0,,1024,,,,,0,,worst,1200,1200,15,31.91,32.188,31.701,,,4,640,32,0,0,4,1,474408,1442976,1442976,474408,57c0c64977ad47d3,1,br-int-5-worst,"{""lv_at_branch"":31}"
385,linear,C,16,int,1,16384,,,,,,0,,,1,16384,15,163.315,164.68,163.02,,,1.0632,49.5,1,0,0,512.4375,0,474328,1727760,1727760,474328,0160e968244e678b,1,lin-ret-int-16384,
386,base_append,C,64,int,0,,100000,1024,,,,0,,,98,100352,15,2.722,2.852,2.583,,,0.0205,16.4,1,0,0,0,0,474424,5719880,5719880,474424,383caafaf213374a,1,ba-int-100000-1024,
387,base_append,C,32,string,0,,1000,1,,,,0,,,2400,2400,15,11.215,12.604,11.094,,,4,608,1,0,1,0,0,474424,2314944,2314944,474424,aa77e5bc29801f9b,1,ba-string-1000-1,
388,base_append,B,0,string,0,,100,16,,,,0,,,1027,16432,15,5.573,5.596,5.528,,,0.0625,129,7.25,0,7.25,0,0,474424,3124312,3124312,474424,a433fde0ca4b111f,1,ba-string-100-16,
389,read,C,128,int,0,,10000,,8,,,0,base,,100000,100000,15,0.612,0.624,0.595,,,0,0,0,0,0,0,0,474832,872264,872264,474832,000dc0651c0a2482,1,rd-base,
390,linear,C,64,string,0,65536,,,,,,0,,,1,65536,8,4.194,4.505,4.002,,,0.0158,16.38,1,0,1,0,0,474440,5463424,5463424,474440,9cbbb5e4c7bc7156,1,lin-dead-string-65536,
391,foreach,C,128,int,0,,10000,,1024,,,0,,,6,846432,15,0.582,0.583,0.543,,,0,0,0,0,0,0,0,474448,0,5528992,474448,000113873d68b208,1,fe-int-141072,"{""sink"":33021173785939304}"
392,base_append,A,0,string,0,,100000,4,,,,0,,,1,4,15,247250,250864.5,244010.5,,,1,1600048,100002.5,0,100002.5,0,0,474424,9279208,10880744,474424,6b3786d1e674a16c,1,ba-string-100000-4,
393,base_append,C,16,string,0,,100000,16,,,,0,,,1200,19200,15,3.299,3.418,3.227,,,0.25,22,1,0,1,0,0,474424,8180056,8180056,474424,e4183092b3c97768,1,ba-string-100000-16,
394,foreach,C,128,int,0,,10000,,8,,,0,,,85,937040,15,0.54,0.588,0.537,,,0,0,0,0,0,0,0,474448,0,839112,474448,0000158798257408,1,fe-int-11024,"{""sink"":36242011677584344}"
395,base_append,C,64,string,0,,10000,64,,,,0,,,655,41920,15,2.978,3.031,2.825,,,0.0625,17.5,1,0,1,0,0,474424,2108928,2108928,474424,d1288a0148114f2a,1,ba-string-10000-64,
396,foreach,A,0,int,0,,14096,,0,,,0,,,70,986720,15,0.53,0.543,0.53,,,0,0,0,0,0,0,0,474448,0,933200,474448,00001b876b5eba08,1,fe-int-14096,"{""sink"":38168497676245350}"
397,base_append,C,32,string,0,,1000,64,,,,0,,,600,38400,15,3.04,3.303,2.942,,,0.0781,17.63,1,0,1,0,0,474424,1382872,1382872,474424,5f5271fda6a2fedb,1,ba-string-1000-64,
398,base_append,C,16,int,0,,100000,64,,,,0,,,721,46144,15,3.133,3.187,2.885,,,0.1094,17.88,1,0,0,0,0,474424,4672048,4672048,474424,4cdea0178042d4c6,1,ba-int-100000-64,
399,base_append,C,128,string,0,,100,4,,,,0,,,1200,4800,15,4.757,4.792,4.722,,,1,536,1,0,1,0,0,474424,3672088,3672088,474424,d697ab7efcf7800f,1,ba-string-100-4,
400,base_append,C,32,string,0,,10000,4,,,,0,,,4096,16384,15,4.954,5.005,4.804,,,1,152,1,0,1,0,0,474424,4216952,4216952,474424,1a16fd1767ddbec6,1,ba-string-10000-4,
401,linear,C,64,int,0,65536,,,,,,0,,,1,65536,8,2.739,3.117,2.59,,,0.0158,16.38,1,0,0,0,0,474408,2841952,2841952,474408,9f836d3a8baba8bc,1,lin-dead-int-65536,
402,base_append,C,64,int,0,,100,4,,,,0,,,900,3600,15,4.387,4.491,4.34,,,1,280,1,0,0,0,0,474392,1717400,1717400,474392,516dfccebf7220d1,1,ba-int-100-4,
403,base_append,C,32,string,0,,100,32,,,,0,,,1435,45920,15,3.205,3.438,2.979,,,0.125,19,1,0,1,0,0,474424,1541056,1541056,474424,9727c4da06513e03,1,ba-string-100-32,
404,linear,C,128,string,1,16384,,,,,,0,,,1,16384,15,39.973,40.876,37.341,,,1.0083,48.19,1,0,1,64.4922,0,474328,2375952,2375952,474328,72b0f5230c3274cb,1,lin-ret-string-16384,
405,foreach,C,32,int,0,,10000,,64,,,0,,,76,915648,15,0.542,0.546,0.515,,,0,0,0,0,0,0,0,474448,0,876424,474448,0000178798d33608,1,fe-int-12048,"{""sink"":35417607091515590}"
406,linear,C,16,int,0,65536,,,,,,0,,,1,65536,8,3.021,3.272,2.959,,,0.0627,17.5,1,0,0,0,0,474408,2866528,2866528,474408,9f836d3a8baba8bc,1,lin-dead-int-65536,
407,linear,B,0,nested,0,1024,,,,,,0,,,1,1024,15,2.482,2.563,2.441,,,0.0098,32.09,1,0.9961,1,0,0,474328,994520,1006808,474328,a7c9ef95cc20ecef,1,lin-dead-nested-1024,
408,base_append,A,0,object,0,,10000,64,,,,0,,,1,64,15,27791.672,27992.844,27751.313,,,1,160528,10032.5,0,10032.5,0,0,474424,1491400,1655240,597304,3e0995e52ddb186a,1,ba-object-10000-64,
409,base_append,A,0,string,0,,10000,1024,,,,0,,,1,1024,15,20744.304,20776.082,20673.421,,,1,168208,10512.5,0,10512.5,0,0,474424,1439688,1619912,474424,3206d78cb97e9326,1,ba-string-10000-1024,
410,linear,C,128,array,0,1024,,,,,,0,,,1,1024,15,2.645,3.296,2.563,,,0.0117,16.21,1,0,1,0,0,474328,773456,773456,474328,ffc2777778d9050b,1,lin-dead-array-1024,
411,base_append,C,64,string,0,,100000,64,,,,0,,,1200,76800,15,2.957,2.99,2.925,,,0.0625,17.5,1,0,1,0,0,474424,9333976,9333976,474424,25f64f6b5d86baac,1,ba-string-100000-64,
412,linear,A,0,string,1,4096,,,,,,0,,,1,4096,6,3607.869,3629.71,3605.632,,,1.0002,32784,2048.5,0,2048.5,0,0,474408,142948304,142948304,474408,d1ed2231f0a267b3,1,lin-ret-string-4096,
413,linear,B,0,string,0,16384,,,,,,0,,,1,16384,15,2.396,2.403,2.388,,,0.0009,32.01,1,0.9998,1,0,0,474328,1658072,1793240,474328,72b0f5230c3274cb,1,lin-dead-string-16384,
414,linear,C,64,object,1,4096,,,,,,0,,,1,4096,15,21.128,21.759,21.098,,,1.0173,48.38,1,0,1,32.4844,0,474328,1007376,1007376,531672,a90dfee62da19683,1,lin-ret-object-4096,
415,base_append,C,16,int,0,,1000,64,,,,0,,,480,30720,15,3.002,3.128,2.88,,,0.1094,17.88,1,0,0,0,0,474392,1172024,1172024,474392,a6ad414a035eb104,1,ba-int-1000-64,
416,branch,C,64,int,0,,1024,,,,,0,,boundary,1200,1200,15,15.521,17.049,15.382,,,4,1152,1,0,0,5,1,474448,2218312,2218312,474448,542149962e280d42,1,br-int-6-boundary,"{""lv_at_branch"":64}"
417,base_append,C,16,string,0,,100000,32,,,,0,,,1200,38400,15,3.149,3.441,3.071,,,0.1563,19.25,1,0,1,0,0,474424,8564696,8564696,474424,994f8fb185288e84,1,ba-string-100000-32,
418,linear,B,0,object,1,4096,,,,,,0,,,1,4096,6,4238.698,4253.988,4230.011,,,1.0002,43706.69,2048.5,0,2048.5,0,0,474408,196047608,196047608,531752,a90dfee62da19683,1,lin-ret-object-4096,
419,branch,C,32,string,0,,1024,,,,,0,,half,4096,4096,15,26.693,30.355,26.642,,,4,640,17,0,17,4,1,474408,3711296,3711296,474408,ff9ddcd79c2ea06a,1,br-string-5-half,"{""lv_at_branch"":16}"
420,base_append,A,0,int,0,,1000,32,,,,0,,,6,192,15,1430.557,1509.547,1429.25,,,1,16272,1016.5,0,0,0,0,474392,634184,654664,474392,48d38a9181c4637c,1,ba-int-1000-32,
421,vcreate,C,16,int,0,,64,,64,,,0,,,1807,1807,15,41.92,42.313,39.13,49.76,54.81,4,1344,1,0,0,64,1,474376,0,3063880,474376,0000000000000000,1,,
422,base_append,C,128,int,0,,1000,1,,,,0,,,1796,1796,15,10.625,10.695,10.579,,,4,2144,1,0,0,0,0,474392,5279384,5279384,474392,93cca32fd182c49d,1,ba-int-1000-1,
423,foreach,C,64,string,0,,10000,,8,,,0,,,84,883008,15,0.509,0.545,0.505,,,0,0,0,0,0,0,0,474448,0,1241160,474448,0000000000017190,1,fe-str-10512,"{""sink"":143141904}"
424,linear,C,128,string,1,4096,,,,,,0,,,1,4096,15,12.309,13.957,12.238,,,1.0093,48.19,1,0,1,16.4922,0,474328,949776,949776,474328,d1ed2231f0a267b3,1,lin-ret-string-4096,
425,linear,C,128,string,1,1024,,,,,,0,,,1,1024,15,6.592,6.714,6.551,,,1.0117,48.21,1,0,1,4.4922,0,474328,593232,593232,474328,165bfc4050d5b883,1,lin-ret-string-1024,
426,base_append,C,128,int,0,,100000,64,,,,0,,,800,51200,15,2.452,2.475,2.41,,,0.0625,33.5,1,0,0,0,0,474424,5804120,5804120,474424,4cdea0178042d4c6,1,ba-int-100000-64,
427,base_append,C,16,int,0,,10000,1,,,,0,,,1200,1200,15,11.042,11.146,10.555,,,4,352,1,0,0,0,0,474392,1303992,1303992,474392,a1b6c487627f1a40,1,ba-int-10000-1,
428,base_append,C,32,string,0,,100000,4,,,,0,,,4096,16384,15,4.997,5.361,4.817,,,1,152,1,0,1,0,0,474424,10692344,10692344,474424,6b3786d1e674a16c,1,ba-string-100000-4,
429,base_append,C,128,string,0,,1000,64,,,,0,,,1200,76800,15,2.875,3.409,2.681,,,0.0625,33.5,1,0,1,0,0,474424,3743768,3743768,474424,5f5271fda6a2fedb,1,ba-string-1000-64,
430,base_append,C,32,string,0,,100000,1,,,,0,,,4096,4096,15,12.96,16.693,11.21,,,4,608,1,0,1,0,0,474424,10692224,10692224,474424,6983a2558110d545,1,ba-string-100000-1,
431,base_append,A,0,string,0,,1000,16,,,,0,,,11,176,15,1582.386,1607.011,1473.483,,,1,16144,1008.5,0,1008.5,0,0,474424,728152,744536,474424,8e67b0ddf64b5e5e,1,ba-string-1000-16,
432,base_append,B,0,int,0,,100000,4,,,,0,,,2,8,15,29151.125,31974,28323,,,0.25,524292,25001,0,0,0,0,474392,7904600,7904600,474392,643898b1322dd762,1,ba-int-100000-4,
433,base_append,C,64,int,0,,100,16,,,,0,,,1435,22960,15,2.762,2.777,2.738,,,0.25,70,1,0,0,0,0,474392,2453632,2453632,474392,526e2275c1539cf5,1,ba-int-100-16,
434,base_append,A,0,string,0,,100,1024,,,,0,,,1,1024,15,1006.022,1014.282,1003.459,,,1,9808,612.5,0,612.5,0,0,474424,562152,582632,474424,5901fab5efd9bf2f,1,ba-string-100-1024,
435,base_append,B,0,string,0,,100000,1024,,,,0,,,1,1024,6,156.901,177.53,149.414,,,0.001,2048.02,98.6563,0,98.6563,0,0,474808,9848800,9848800,474808,87451fa144f84ad8,1,ba-string-100000-1024,
436,linear,C,128,array,0,65536,,,,,,0,,,1,65536,8,3.146,3.185,3.082,,,0.008,16.19,1,0,1,0,0,474408,19615072,19615072,474408,63e98e6e620efd26,1,lin-dead-array-65536,
437,linear,B,0,array,0,65536,,,,,,0,,,1,65536,15,2.709,4.562,2.689,,,0.0002,32,1,0.9999,1,0,0,474328,19352792,19881176,474328,63e98e6e620efd26,1,lin-dead-array-65536,
438,destroy,B,0,int,1,2048,,,,,,0,,,1,2048,6,1229.797,1246.094,1222.534,,,0,0,0,0,0,0,0,474408,53170936,53170936,474408,0000000000000000,1,,
439,base_append,C,64,string,0,,1000,16,,,,0,,,449,7184,15,3.022,3.236,3.004,,,0.25,70,1,0,1,0,0,474424,1166192,1166192,474424,8e67b0ddf64b5e5e,1,ba-string-1000-16,
440,foreach,A,0,int,0,,42768,,0,,,0,,,22,940896,15,0.494,0.497,0.493,,,0,0,0,0,0,0,0,474448,0,1850704,474448,00005388553ff208,1,fe-int-42768,"{""sink"":36462469331965544}"
441,base_append,C,128,string,0,,1000,32,,,,0,,,449,14368,15,2.871,2.903,2.865,,,0.125,67,1,0,1,0,0,474424,1745648,1745648,474424,cbb30a3ef264de0b,1,ba-string-1000-32,
442,branch,C,16,int,0,,1024,,,,,0,,half,4096,4096,15,21.505,21.566,19.989,,,4,384,9,0,0,4,1,474408,2352096,2352096,474408,69dbb58d56a44f3a,1,br-int-4-half,"{""lv_at_branch"":8}"
443,linear,C,16,object,0,1024,,,,,,0,,,1,1024,15,2.727,2.93,2.686,,,0.0693,17.52,1,0,1,0,0,474328,560912,560912,482520,6d7d60429257bfdf,1,lin-dead-object-1024,
444,base_append,A,0,string,0,,1000,4,,,,0,,,39,156,15,1301.814,1319.449,1298.878,,,1,16048,1002.5,0,1002.5,0,0,474424,1186648,1203032,474424,5388a4bfc5c1298a,1,ba-string-1000-4,
445,linear,B,0,object,0,65536,,,,,,0,,,1,65536,15,2.446,3.587,2.438,,,0.0002,32,1,0.9999,1,0,0,474328,6237400,6765784,1514712,d4d0b339df764e0a,1,lin-dead-object-65536,
446,base_append,C,16,string,0,,1000,32,,,,0,,,655,20960,15,2.942,3.533,2.882,,,0.1563,19.25,1,0,1,0,0,474424,1037632,1037632,474424,cbb30a3ef264de0b,1,ba-string-1000-32,
447,base_append,B,0,int,0,,1000,1,,,,0,,,218,218,15,650.61,887.615,637.234,,,1,16400,1001,0,0,0,0,474392,4973592,4973592,474392,93cca32fd182c49d,1,ba-int-1000-1,
448,base_append,A,0,string,0,,1000,1024,,,,0,,,1,1024,15,2585.978,2625.977,2559.001,,,1,24208,1512.5,0,1512.5,0,0,474424,637320,670088,474424,855adeaaec7a8476,1,ba-string-1000-1024,
449,base_append,C,32,int,0,,10000,32,,,,0,,,1027,32864,15,2.807,2.977,2.769,,,0.125,19,1,0,0,0,0,474424,1562080,1562080,474424,d969fe0d6965f4c4,1,ba-int-10000-32,
450,base_append,C,16,string,0,,10000,32,,,,0,,,1027,32864,15,2.983,3.449,2.877,,,0.1563,19.25,1,0,1,0,0,474424,1963360,1963360,474424,e6f2bd899677864a,1,ba-string-10000-32,
451,branch,A,0,string,0,,1024,,,,,0,,half,179,179,15,1447.391,1580.078,1402.933,,,1,25624,1601,0,1601,0,0,474408,5729736,5729736,474408,9e8cf0f0d0d2f564,1,br-string-7-half,"{""lv_at_branch"":64}"
452,linear,A,0,nested,0,1024,,,,,,0,,,1,1024,15,1339.681,1352.376,1335.571,,,1.001,8208.01,512.5,0,512.5,0,0,474328,994520,1010904,474328,a7c9ef95cc20ecef,1,lin-dead-nested-1024,
453,forks,B,0,int,0,,10000,,,16,,0,,,1,16,6,8541.688,9156.25,7427.125,10091.188,10382.813,1,262160,10040,0,0,0,0,474784,5062432,5062432,474784,08f8bda462d864aa,1,fk-16,"{""live_bytes_all_forks"":4355088}"
454,base_append,C,64,int,0,,10000,64,,,,0,,,423,27072,15,2.535,2.847,2.461,,,0.0625,17.5,1,0,0,0,0,474424,1384896,1384896,474424,f0ad57df4960eb85,1,ba-int-10000-64,
455,base_append,A,0,string,0,,10000,16,,,,0,,,1,16,15,17882.813,19216.125,17684.938,,,1,160144,10008.5,0,10008.5,0,0,474424,1366600,1530440,474424,442e58edb84b240e,1,ba-string-10000-16,
456,linear,C,16,object,1,16384,,,,,,0,,,1,16384,15,163.857,164.785,163.74,,,1.0632,49.5,1,0,1,512.4375,0,474328,2637072,2637072,728280,6197cb953c2f1bf3,1,lin-ret-object-16384,
457,base_append,C,64,string,0,,1000,4,,,,0,,,1435,5740,15,5.132,5.19,4.776,,,1,280,1,0,1,0,0,474424,2522752,2522752,474424,5388a4bfc5c1298a,1,ba-string-1000-4,
458,base_append,B,0,int,0,,100000,64,,,,0,,,2,128,15,1828.781,1951.492,1779.625,,,0.0156,32768.25,1563.5,0,0,0,0,474424,7904632,7904632,474424,4cdea0178042d4c6,1,ba-int-100000-64,
459,linear,C,128,int,0,1024,,,,,,0,,,1,1024,15,2.359,3.337,2.319,,,0.0117,16.21,1,0,0,0,0,474328,511312,511312,474328,10d750485dff5f42,1,lin-dead-int-1024,
460,base_append,C,64,int,0,,100000,4,,,,0,,,1807,7228,15,4.398,4.416,4.381,,,1,280,1,0,0,0,0,474424,6165888,6165888,474424,643898b1322dd762,1,ba-int-100000-4,
461,vcreate,C,128,int,0,,64,,64,,,0,,,898,898,15,47.698,50.529,46.957,52.478,60.876,4,3136,1,0,0,64,1,474376,0,4052656,474376,0000000000000000,1,,
462,linear,A,0,int,0,1024,,,,,,0,,,1,1024,15,746.826,804.973,743.937,,,1.001,8208.01,512.5,0,0,0,0,474328,511192,527576,474328,10d750485dff5f42,1,lin-dead-int-1024,
463,base_append,C,64,string,0,,1000,1,,,,0,,,3571,3571,15,11.201,12.123,11.166,,,4,1120,1,0,1,0,0,474424,5461064,5461064,474424,aa77e5bc29801f9b,1,ba-string-1000-1,
464,base_append,B,0,int,0,,1000,64,,,,0,,,93,5952,15,12.111,12.139,12.055,,,0.0313,768.5,16.625,16,0,0,0,474392,3940376,3960856,474392,a6ad414a035eb104,1,ba-int-1000-64,
465,base_append,C,128,string,0,,10000,32,,,,0,,,1030,32960,15,3.062,3.152,2.852,,,0.125,67,1,0,1,0,0,474424,3943144,3943144,474424,e6f2bd899677864a,1,ba-string-10000-32,
466,base_append,C,32,int,0,,1000,1024,,,,0,,,102,104448,15,2.943,3.207,2.787,,,0.0371,16.77,1,0,0,0,0,474424,2645288,2645288,474424,7b8e53e24891a6cc,1,ba-int-1000-1024,
467,base_append,C,16,string,0,,1000,4,,,,0,,,1796,7184,15,4.744,4.779,4.715,,,1,88,1,0,1,0,0,474424,1296536,1296536,474424,5388a4bfc5c1298a,1,ba-string-1000-4,
468,base_append,C,128,string,0,,10000,16,,,,0,,,1027,16432,15,3.035,3.048,3.023,,,0.25,134,1,0,1,0,0,474424,3934560,3934560,474424,442e58edb84b240e,1,ba-string-10000-16,
469,linear,C,128,object,1,16384,,,,,,0,,,1,16384,15,39.95,40.924,37.267,,,1.0083,48.19,1,0,1,64.4922,0,474328,2629904,2629904,728280,6197cb953c2f1bf3,1,lin-ret-object-16384,
470,base_append,A,0,string,0,,100000,64,,,,0,,,1,64,15,198219.406,200220.703,197522.125,,,1,1600528,100032.5,0,100032.5,0,0,474424,9281608,10883144,474424,25f64f6b5d86baac,1,ba-string-100000-64,
471,linear,C,64,string,0,1024,,,,,,0,,,1,1024,15,2.646,2.971,2.604,,,0.0205,16.4,1,0,1,0,0,474328,552336,552336,474328,165bfc4050d5b883,1,lin-dead-string-1024,
472,base_append,C,16,int,0,,100,64,,,,0,,,480,30720,15,3.126,3.289,2.928,,,0.1094,17.88,1,0,0,0,0,474392,1140024,1140024,474392,25c9a09dbb703120,1,ba-int-100-64,
473,branch,C,128,int,0,,1024,,,,,0,,worst,1796,1796,15,84.145,93.1,81.942,,,4,2176,128,0,0,4,1,474408,5366144,5366144,474408,f1117b8557159bbf,1,br-int-7-worst,"{""lv_at_branch"":127}"
474,linear,C,32,string,0,65536,,,,,,0,,,1,65536,8,4.123,4.435,4.008,,,0.0314,16.75,1,0,1,0,0,474440,5471616,5471616,474440,9cbbb5e4c7bc7156,1,lin-dead-string-65536,
475,read,C,32,int,0,,10000,,8,,,0,full,,100000,100000,15,0.65,0.724,0.648,,,0,0,0,0,0,0,0,474832,844616,844616,474832,000dbabb1d24e0a2,1,,
476,base_append,B,0,object,0,,10000,1,,,,0,,,19,19,15,14442.947,15140.316,13839.947,,,1,262160,10001,0,10001,0,0,474424,6383744,6383744,597304,3b1a5c0d0710a088,1,ba-object-10000-1,
477,linear,C,64,nested,0,65536,,,,,,0,,,1,65536,8,3.403,3.509,3.391,,,0.0158,16.38,1,0,1,0,0,474440,33774976,33774976,474440,f1daf9261b2e9d89,1,lin-dead-nested-65536,
478,linear,A,0,string,0,16384,,,,,,0,,,1,16384,6,16127.314,16133.197,16102.765,,,1.0001,131088,8192.5,0,8192.5,0,0,474440,1658184,1920328,474440,72b0f5230c3274cb,1,lin-dead-string-16384,
479,base_append,C,64,string,0,,100000,1024,,,,0,,,96,98304,15,3.005,3.162,2.962,,,0.0205,16.4,1,0,1,0,0,474424,9719384,9719384,474424,87451fa144f84ad8,1,ba-string-100000-1024,
480,branch,C,128,string,0,,1024,,,,,0,,worst,1027,1027,15,95.708,105.445,94.572,,,4,2176,128,0,128,4,1,474440,3367840,3367840,474440,cd88aaef3af7b8e7,1,br-string-7-worst,"{""lv_at_branch"":127}"
481,linear,B,0,int,1,1024,,,,,,0,,,1,1024,15,801.188,834.147,795.248,,,1.001,10938.77,512.5,0,0,0,0,474328,15397544,15397544,474328,10d750485dff5f42,1,lin-ret-int-1024,
482,linear,C,128,int,1,65536,,,,,,0,,,1,65536,5,265.511,279.734,262.77,,,1.008,48.19,1,0,0,256.4922,0,474408,5459296,5459296,474408,9f836d3a8baba8bc,1,lin-ret-int-65536,
483,foreach,A,0,int,0,,12048,,0,,,0,,,80,963840,15,0.53,0.534,0.504,,,0,0,0,0,0,0,0,474448,0,867664,474448,0000178798d33608,1,fe-int-12048,"{""sink"":37280330035700490}"
484,base_append,C,32,int,0,,100,16,,,,0,,,1200,19200,15,2.839,2.852,2.782,,,0.25,38,1,0,0,0,0,474392,1364152,1364152,474392,526e2275c1539cf5,1,ba-int-100-16,
485,linear,C,128,string,0,1024,,,,,,0,,,1,1024,15,2.604,3.662,2.522,,,0.0117,16.21,1,0,1,0,0,474328,552272,552272,474328,165bfc4050d5b883,1,lin-dead-string-1024,
486,destroy,A,0,string,0,16384,,,,,,0,,,1,16384,8,1.071,1.109,1.068,,,0,0,0,0,0,0,0,474440,1658184,1920328,474440,0000000000000000,1,,
487,read,C,32,int,0,,10000,,8,,,0,mixed,,100000,100000,15,0.668,0.698,0.659,,,0,0,0,0,0,0,0,474832,844616,844616,474832,000dd9f05d27c9e2,1,,
488,linear,C,128,nested,0,1024,,,,,,0,,,1,1024,15,2.89,3.377,2.848,,,0.0117,16.21,1,0,1,0,0,474328,994640,994640,474328,a7c9ef95cc20ecef,1,lin-dead-nested-1024,
489,base_append,C,128,string,0,,100000,4,,,,0,,,1200,4800,15,5.121,5.2,5.095,,,1,536,1,0,1,0,0,474424,10867576,10867576,474424,6b3786d1e674a16c,1,ba-string-100000-4,
490,linear,C,32,object,0,1024,,,,,,0,,,1,1024,15,2.768,2.93,2.767,,,0.0371,16.77,1,0,1,0,0,474328,560656,560656,482520,6d7d60429257bfdf,1,lin-dead-object-1024,
491,foreach,C,64,int,0,,10000,,0,,,0,,,98,980000,15,0.495,0.531,0.494,,,0,0,0,0,0,0,0,474448,0,802160,474448,000013873287b208,1,fe-int-10000,"{""sink"":37897002055266600}"
492,linear,C,16,int,1,1024,,,,,,0,,,1,1024,15,15.137,15.828,14.934,,,1.0693,49.52,1,0,0,32.4375,0,474328,552720,552720,474328,10d750485dff5f42,1,lin-ret-int-1024,
493,vcreate,C,32,int,0,,64,,8,,,0,,,898,898,15,18.141,18.699,17.91,16.472,16.935,4,704,1,0,0,8,1,474376,0,1237296,474376,0000000000000000,1,,
494,base_append,C,16,string,0,,1000,1024,,,,0,,,54,55296,15,3.272,3.474,3.248,,,0.0693,17.52,1,0,1,0,0,474424,1741608,1741608,474424,855adeaaec7a8476,1,ba-string-1000-1024,
495,base_append,A,0,int,0,,10000,16,,,,0,,,1,16,15,14283.813,14778.625,14247.375,,,1,160144,10008.5,0,0,0,0,474424,965960,1129800,474424,4277fcf600eb5748,1,ba-int-10000-16,
496,base_append,C,64,int,0,,1000,1024,,,,0,,,88,90112,15,2.685,2.797,2.565,,,0.0205,16.4,1,0,0,0,0,474424,2342808,2342808,474424,7b8e53e24891a6cc,1,ba-int-1000-1024,
497,base_append,A,0,int,0,,100,1,,,,0,,,3571,3571,15,44.187,44.269,44.164,,,1,1624,101,0,0,0,0,474392,6905880,6905880,474392,f75ffeb8407d8c47,1,ba-int-100-1,
498,base_append,C,32,string,0,,1000,4,,,,0,,,1442,5768,15,4.811,4.927,4.768,,,1,152,1,0,1,0,0,474424,1609448,1609448,474424,5388a4bfc5c1298a,1,ba-string-1000-4,
499,base_append,C,64,int,0,,1000,4,,,,0,,,4096,16384,15,4.445,4.466,4.428,,,1,280,1,0,0,0,0,474392,6143288,6143288,474392,f1591d888dcf0d7e,1,ba-int-1000-4,
500,linear,B,0,nested,1,1024,,,,,,0,,,1,1024,15,955.484,969.93,943.156,,,1.001,10938.77,512.5,0,512.5,0,0,474328,15880872,15880872,474328,a7c9ef95cc20ecef,1,lin-ret-nested-1024,
501,base_append,A,0,int,0,,100,4,,,,0,,,313,1252,15,130.324,130.891,129.093,,,1,1648,102.5,0,0,0,0,474392,1041432,1043224,474392,516dfccebf7220d1,1,ba-int-100-4,
502,invisible,C,64,string,0,641,1000,2560,,,,0,,,1,1,0,,,,,,0,0,0,0,0,0,0,474384,0,742312,474384,69b5b6d9674fe4d6,1,,"{""live_slots_tip"":3560,""live_bytes_tip"":57888,""live_slots_snap"":1704,""live_bytes_snap"":27928,""visible_count"":1641,""invisible_slots"":63,""invisible_slot_bound"":64,""blocks_live_snap"":11,""spine_arr_bytes_snap"":512}"
503,branch,C,16,string,0,,1024,,,,,0,,boundary,4096,4096,15,16.256,17.375,16.093,,,4,384,1,0,1,5,1,474448,2396456,2396456,474448,dc9b1cd9a67bd837,1,br-string-4-boundary,"{""lv_at_branch"":16}"
504,invisible,C,64,string,0,672,1000,2560,,,,0,,,1,1,0,,,,,,0,0,0,0,0,0,0,474384,0,742312,474384,86ace76608789bed,1,,"{""live_slots_tip"":3560,""live_bytes_tip"":57888,""live_slots_snap"":1704,""live_bytes_snap"":27928,""visible_count"":1672,""invisible_slots"":32,""invisible_slot_bound"":64,""blocks_live_snap"":11,""spine_arr_bytes_snap"":512}"
505,linear,A,0,string,0,4096,,,,,,0,,,1,4096,15,3998.871,4006.856,3977.803,,,1.0002,32784,2048.5,0,2048.5,0,0,474328,773336,838872,474328,d1ed2231f0a267b3,1,lin-dead-string-4096,
506,base_append,B,0,int,0,,10000,16,,,,0,,,23,368,15,611.978,641.304,595.448,,,0.0625,16385,626,0,0,0,0,474424,6925816,6925816,474424,4277fcf600eb5748,1,ba-int-10000-16,
507,foreach,A,0,int,0,,10032,,0,,,0,,,96,963072,15,0.495,0.541,0.494,,,0,0,0,0,0,0,0,474448,0,802128,474448,000013979e3bc218,1,fe-int-10032,"{""sink"":37245972255466520}"
508,vcreate,C,32,int,0,,64,,1024,,,0,,,90,90,15,682.4,706.944,646.756,745.833,765.278,4,16960,1,0,0,1024,1,474376,0,3213808,474376,0000000000000000,1,,
509,destroy,C,128,string,1,16384,,,,,,0,,,1,16384,6,47.022,64.102,41.143,,,0,0,0,0,0,0,0,474440,2376064,2376064,474440,0000000000000000,1,,
510,base_append,C,128,int,0,,10000,16,,,,0,,,1435,22960,15,2.749,3.267,2.737,,,0.25,134,1,0,0,0,0,474424,4614304,4614304,474424,4277fcf600eb5748,1,ba-int-10000-16,
511,base_append,A,0,string,0,,10000,1,,,,0,,,20,20,15,10200,12812.5,9893.75,,,1,160024,10001,0,10001,0,0,474424,4479104,4479104,474424,a8c9836683df5cf5,1,ba-string-10000-1,
512,base_append,C,64,string,0,,1000,32,,,,0,,,721,23072,15,2.87,2.998,2.853,,,0.125,35,1,0,1,0,0,474424,1547120,1547120,474424,cbb30a3ef264de0b,1,ba-string-1000-32,
513,linear,C,64,object,0,65536,,,,,,0,,,1,65536,8,4.236,4.464,3.96,,,0.0158,16.38,1,0,1,0,0,474440,6503808,6503808,1514824,d4d0b339df764e0a,1,lin-dead-object-65536,
514,base_append,C,64,string,0,,10000,32,,,,0,,,1200,38400,15,2.9,2.955,2.858,,,0.125,35,1,0,1,0,0,474424,2857304,2857304,474424,e6f2bd899677864a,1,ba-string-10000-32,
515,linear,C,32,object,1,16384,,,,,,0,,,1,16384,15,88.87,89.244,88.684,,,1.0319,48.75,1,0,1,256.4688,0,474328,2632976,2632976,728280,6197cb953c2f1bf3,1,lin-ret-object-16384,
516,destroy,A,0,int,0,16384,,,,,,0,,,1,16384,8,0.987,0.989,0.984,,,0,0,0,0,0,0,0,474408,1002792,1264936,474408,0000000000000000,1,,
517,foreach,C,32,int,0,,10000,,1,,,0,,,95,953040,15,0.531,0.538,0.495,,,0,0,0,0,0,0,0,474448,0,802856,474448,000013979e3bc218,1,fe-int-10032,"{""sink"":36858217772760680}"
518,base_append,C,128,int,0,,1000,16,,,,0,,,898,14368,15,2.74,2.755,2.726,,,0.25,134,1,0,0,0,0,474392,2893288,2893288,474392,cc89482edb8ba160,1,ba-int-1000-16,
519,branch,C,128,int,0,,1024,,,,,0,,half,1442,1442,15,61.316,63.222,59.755,,,4,2176,65,0,0,4,1,474408,4413328,4413328,474408,5934bac54a9d0773,1,br-int-7-half,"{""lv_at_branch"":64}"
520,base_append,A,0,string,0,,100,16,,,,0,,,94,1504,15,183.898,184.009,183.732,,,1,1744,108.5,0,108.5,0,0,474424,676184,678232,474424,a433fde0ca4b111f,1,ba-string-100-16,
521,linear,A,0,object,0,16384,,,,,,0,,,1,16384,6,23624.352,23703.608,23582.497,,,1.0001,131088,8192.5,0,8192.5,0,0,474440,1912136,2174280,728392,6197cb953c2f1bf3,1,lin-dead-object-16384,
522,base_append,C,128,int,0,,10000,1,,,,0,,,4096,4096,15,10.651,10.671,10.62,,,4,2144,1,0,0,0,0,474392,11681080,11681080,474392,a1b6c487627f1a40,1,ba-int-10000-1,
523,base_append,C,64,string,0,,10000,1,,,,0,,,900,900,15,10.787,10.833,10.74,,,4,1120,1,0,1,0,0,474424,2441568,2441568,474424,a8c9836683df5cf5,1,ba-string-10000-1,
524,base_append,A,0,int,0,,100000,1,,,,0,,,2,2,15,115666.5,121395.5,112917,,,1,1600024,100001,0,0,0,0,474392,6880552,6880552,474392,3b335e27ff112313,1,ba-int-100000-1,
525,branch,A,0,string,0,,1024,,,,,0,,half,143,143,15,617.133,685.608,571.678,,,1,17560,1097,0,1097,0,0,474408,3489288,3489288,474408,d5f696839b6846d3,1,br-string-4-half,"{""lv_at_branch"":8}"
526,destroy,A,0,string,1,2048,,,,,,0,,,1,2048,6,1164.693,1200.094,1150.126,,,0,0,0,0,0,0,0,474440,37926896,37926896,474440,0000000000000000,1,,
527,base_append,C,64,int,0,,100,1024,,,,0,,,98,100352,15,2.882,3.031,2.721,,,0.0205,16.4,1,0,0,0,0,474424,2522696,2522696,474424,fd243c73dbc412f0,1,ba-int-100-1024,
528,linear,C,16,int,0,4096,,,,,,0,,,1,4096,15,2.482,2.533,2.472,,,0.0647,17.51,1,0,0,0,0,474328,623888,623888,474328,e1afe464a1eeb2fb,1,lin-dead-int-4096,
529,vcreate,C,16,int,0,,64,,1,,,0,,,1785,1785,15,13.515,13.585,13.398,12.511,12.792,4,352,1,0,0,1,1,474376,0,1222264,474376,0000000000000000,1,,
530,base_append,C,16,int,0,,10000,4,,,,0,,,2400,9600,15,4.414,4.436,4.384,,,1,88,1,0,0,0,0,474392,1801784,1801784,474392,99f950c746178658,1,ba-int-10000-4,
531,base_append,C,64,int,0,,100000,1,,,,0,,,2400,2400,15,10.59,10.625,10.521,,,4,1120,1,0,0,0,0,474424,6981208,6981208,474424,3b335e27ff112313,1,ba-int-100000-1,
532,linear,C,16,nested,0,1024,,,,,,0,,,1,1024,15,3.011,3.052,2.93,,,0.0693,17.52,1,0,1,0,0,474328,995088,995088,474328,a7c9ef95cc20ecef,1,lin-dead-nested-1024,
533,base_append,C,128,string,0,,10000,64,,,,0,,,655,41920,15,2.773,3.15,2.674,,,0.0625,33.5,1,0,1,0,0,474424,2947328,2947328,474424,d1288a0148114f2a,1,ba-string-10000-64,
534,base_append,B,0,string,0,,1000,16,,,,0,,,171,2736,15,42.855,77.029,39.261,,,0.0625,1025,63.5,0,63.5,0,0,474424,4051448,4051448,474424,8e67b0ddf64b5e5e,1,ba-string-1000-16,
535,branch,B,0,int,0,,1024,,,,,0,,half,101,101,15,576.327,1429.871,566.832,,,1,32784,1097,0,0,0,0,474408,4239528,4239528,474408,69dbb58d56a44f3a,1,br-int-4-half,"{""lv_at_branch"":8}"
536,branch,C,128,string,0,,1024,,,,,0,,boundary,1435,1435,15,16.202,17.306,15.999,,,4,2176,1,0,1,5,1,474448,4461328,4461328,474448,ba6104323bf355c2,1,br-string-7-boundary,"{""lv_at_branch"":128}"
537,base_append,C,128,int,0,,10000,1024,,,,0,,,70,71680,15,2.493,3.001,2.447,,,0.0117,16.21,1,0,0,0,0,474424,2261160,2261160,474424,9a21c971ff833e48,1,ba-int-10000-1024,
538,linear,A,0,array,1,1024,,,,,,0,,,1,1024,15,720.744,771.321,711.589,,,1.001,8208.01,512.5,0,512.5,0,0,474328,10803072,10803072,474328,ffc2777778d9050b,1,lin-ret-array-1024,
539,base_append,C,16,string,0,,10000,1024,,,,0,,,56,57344,15,3.098,3.194,2.867,,,0.0693,17.52,1,0,1,0,0,474424,2438616,2438616,474424,3206d78cb97e9326,1,ba-string-10000-1024,
540,base_append,C,16,int,0,,100000,32,,,,0,,,900,28800,15,3.129,3.466,2.995,,,0.1563,19.25,1,0,0,0,0,474424,4340920,4340920,474424,36bc3c9886230884,1,ba-int-100000-32,
541,base_append,A,0,int,0,,100,16,,,,0,,,101,1616,15,161.948,172.855,161.768,,,1,1744,108.5,0,0,0,0,474392,685976,688024,474392,526e2275c1539cf5,1,ba-int-100-16,
542,destroy,C,128,object,0,16384,,,,,,0,,,1,16384,8,2.024,2.027,2.017,,,0,0,0,0,0,0,0,474440,1974656,1974656,728392,0000000000000000,1,,
543,destroy,C,16,string,0,16384,,,,,,0,,,1,16384,8,1.211,1.236,1.198,,,0,0,0,0,0,0,0,474440,1727872,1727872,474440,0000000000000000,1,,
544,linear,C,32,object,0,65536,,,,,,0,,,1,65536,8,4.3,4.43,4.155,,,0.0314,16.75,1,0,1,0,0,474440,6512000,6512000,1514824,d4d0b339df764e0a,1,lin-dead-object-65536,
545,forks,A,0,int,0,,10000,,,16,,0,,,1,16,6,109153.625,109479.125,109065.063,9924.5,10403.625,8,1284736,80292,0,0,0,0,474784,3424032,3587872,474784,08f8bda462d864aa,1,fk-16,"{""live_bytes_all_forks"":2730888}"
546,linear,A,0,object,1,4096,,,,,,0,,,1,4096,6,3423.035,3434.113,3379.028,,,1.0002,32784,2048.5,0,2048.5,0,0,474408,143005648,143005648,531752,a90dfee62da19683,1,lin-ret-object-4096,
547,linear,A,0,int,1,4096,,,,,,0,,,1,4096,6,2746.633,2765.218,2731.506,,,1.0002,32784,2048.5,0,0,0,0,474408,142784464,142784464,474408,e1afe464a1eeb2fb,1,lin-ret-int-4096,
548,base_append,B,0,string,0,,10000,1024,,,,0,,,16,16384,15,15.132,16.739,13.967,,,0.001,256.02,10.7656,0,10.7656,0,0,474424,5519416,5519416,474424,3206d78cb97e9326,1,ba-string-10000-1024,
549,read,C,16,int,0,,10000,,8,,,0,full,,100000,100000,15,0.65,0.66,0.648,,,0,0,0,0,0,0,0,474832,837960,837960,474832,000def5d9793c962,1,,
550,linear,C,32,string,1,1024,,,,,,0,,,1,1024,15,10.092,10.254,10.05,,,1.0371,48.77,1,0,1,16.4688,0,474328,593424,593424,474328,165bfc4050d5b883,1,lin-ret-string-1024,
551,branch,C,32,string,0,,1024,,,,,0,,boundary,1200,1200,15,15.938,16.077,15.694,,,4,640,1,0,1,5,1,474448,1490536,1490536,474448,8dfdab578ff3069f,1,br-string-5-boundary,"{""lv_at_branch"":32}"
552,base_append,A,0,int,0,,100000,64,,,,0,,,1,64,15,146726.563,156371.094,146154.297,,,1,1600528,100032.5,0,0,0,0,474424,5279048,6880584,474424,4cdea0178042d4c6,1,ba-int-100000-64,
553,linear,C,32,nested,0,65536,,,,,,0,,,1,65536,8,3.509,3.6,3.434,,,0.0314,16.75,1,0,1,0,0,474440,33783168,33783168,474440,f1daf9261b2e9d89,1,lin-dead-nested-65536,
554,base_append,C,128,string,0,,100,1024,,,,0,,,69,70656,15,3.002,3.656,2.746,,,0.0117,16.21,1,0,1,0,0,474424,1963728,1963728,474424,5901fab5efd9bf2f,1,ba-string-100-1024,
555,linear,C,32,int,0,1024,,,,,,0,,,1,1024,15,2.563,2.848,2.482,,,0.0371,16.77,1,0,0,0,0,474328,511504,511504,474328,10d750485dff5f42,1,lin-dead-int-1024,
556,base_append,A,0,int,0,,100000,16,,,,0,,,1,16,15,156510.375,162052.063,151106.813,,,1,1600144,100008.5,0,0,0,0,474424,5279048,6880584,474424,3c179c6d7f79e06d,1,ba-int-100000-16,
557,destroy,C,16,object,0,16384,,,,,,0,,,1,16384,8,2.149,2.157,2.141,,,0,0,0,0,0,0,0,474440,1981824,1981824,728392,0000000000000000,1,,
558,base_append,C,64,string,0,,100000,4,,,,0,,,3614,14456,15,4.857,5.978,4.799,,,1,280,1,0,1,0,0,474424,12654408,12654408,474424,6b3786d1e674a16c,1,ba-string-100000-4,
559,base_append,C,32,string,0,,1000,1024,,,,0,,,83,84992,15,3.219,3.487,2.955,,,0.0371,16.77,1,0,1,0,0,474424,2331072,2331072,474424,855adeaaec7a8476,1,ba-string-1000-1024,
560,linear,C,64,string,1,4096,,,,,,0,,,1,4096,15,21.139,21.179,21.077,,,1.0173,48.38,1,0,1,32.4844,0,474328,950032,950032,474328,d1ed2231f0a267b3,1,lin-ret-string-4096,
561,base_append,C,16,string,0,,10000,64,,,,0,,,600,38400,15,3.031,3.273,2.964,,,0.1094,17.88,1,0,1,0,0,474424,2033688,2033688,474424,d1288a0148114f2a,1,ba-string-10000-64,
562,destroy,C,16,int,1,16384,,,,,,0,,,1,16384,6,289.368,292.989,288.383,,,0,0,0,0,0,0,0,474408,1727840,1727840,474408,0000000000000000,1,,
563,depth,C,64,int,0,,1024,,,,1024,0,,,1,1024,8,107.219,109.131,106.445,,,5.0186,1231.56,33.5,0,0,16.9844,1,474400,537432,539056,474400,17bcc9e606a533b4,1,,"{""live_bytes_depth"":34248}"
564,linear,B,0,int,1,4096,,,,,,0,,,1,4096,6,3405.111,3426.382,3398.509,,,1.0002,43706.69,2048.5,0,0,0,0,474408,195826424,195826424,474408,e1afe464a1eeb2fb,1,lin-ret-int-4096,
565,base_append,C,32,int,0,,10000,64,,,,0,,,400,25600,15,3.109,3.426,2.764,,,0.0781,17.63,1,0,0,0,0,474424,1353432,1353432,474424,f0ad57df4960eb85,1,ba-int-10000-64,
566,base_append,B,0,string,0,,1000,1024,,,,0,,,54,55296,15,3.251,3.701,3.008,,,0.002,48.03,1.9766,1,1.9766,0,0,474424,2595640,2616120,474424,855adeaaec7a8476,1,ba-string-1000-1024,
567,destroy,C,16,string,1,16384,,,,,,0,,,1,16384,6,263.385,265.523,262.255,,,0,0,0,0,0,0,0,474440,2383232,2383232,474440,0000000000000000,1,,
568,linear,C,128,int,1,16384,,,,,,0,,,1,16384,15,39.775,40.332,37.107,,,1.0083,48.19,1,0,0,64.4922,0,474328,1720592,1720592,474328,0160e968244e678b,1,lin-ret-int-16384,
569,branch,C,16,int,0,,1024,,,,,0,,boundary,4096,4096,15,15.584,16.256,15.523,,,4,384,1,0,0,5,1,474448,2352136,2352136,474448,f9284f83e7c5cc5a,1,br-int-4-boundary,"{""lv_at_branch"":16}"
570,base_append,C,16,string,0,,1000,1,,,,0,,,2400,2400,15,11.719,11.858,11.268,,,4,352,1,0,1,0,0,474424,1546944,1546944,474424,aa77e5bc29801f9b,1,ba-string-1000-1,
571,linear,C,32,string,1,4096,,,,,,0,,,1,4096,15,26.804,27.557,25.045,,,1.0332,48.76,1,0,1,64.4688,0,474328,950544,950544,474328,d1ed2231f0a267b3,1,lin-ret-string-4096,
572,base_append,B,0,int,0,,1000,1024,,,,0,,,59,60416,15,2.463,2.71,2.432,,,0.002,48.03,1.9766,1,0,0,0,474424,2699064,2719544,474424,7b8e53e24891a6cc,1,ba-int-1000-1024,
573,vcreate,C,64,int,0,,64,,1024,,,0,,,66,66,15,1193.803,1416.03,1188.136,1101.636,1292.939,4,17472,1,0,0,1024,1,474376,0,4025648,474376,0000000000000000,1,,
574,base_append,C,64,int,0,,10000,1,,,,0,,,2400,2400,15,11.268,11.354,10.503,,,4,1120,1,0,0,0,0,474392,4105784,4105784,474392,a1b6c487627f1a40,1,ba-int-10000-1,
575,linear,C,16,array,0,65536,,,,,,0,,,1,65536,8,3.143,3.368,3.098,,,0.0627,17.5,1,0,1,0,0,474408,19643744,19643744,474408,63e98e6e620efd26,1,lin-dead-array-65536,
576,base_append,C,32,string,0,,100,64,,,,0,,,800,51200,15,3.207,3.371,2.969,,,0.0781,17.63,1,0,1,0,0,474424,1588472,1588472,474424,a23575fb359b72cb,1,ba-string-100-64,
577,invisible,C,128,string,0,1344,1000,5120,,,,0,,,1,1,0,,,,,,0,0,0,0,0,0,0,474384,0,936872,474384,caae46e26f4206f4,1,,"{""live_slots_tip"":6120,""live_bytes_tip"":98848,""live_slots_snap"":2408,""live_bytes_snap"":39192,""visible_count"":2344,""invisible_slots"":64,""invisible_slot_bound"":128,""blocks_live_snap"":11,""spine_arr_bytes_snap"":512}"
578,linear,C,32,string,0,4096,,,,,,0,,,1,4096,15,3.174,4.069,3.103,,,0.0332,16.76,1,0,1,0,0,474328,786704,786704,474328,d1ed2231f0a267b3,1,lin-dead-string-4096,
579,linear,C,16,array,0,1024,,,,,,0,,,1,1024,15,2.767,2.849,2.726,,,0.0693,17.52,1,0,1,0,0,474328,773904,773904,474328,ffc2777778d9050b,1,lin-dead-array-1024,
580,base_append,C,64,string,0,,100,64,,,,0,,,900,57600,15,2.816,3.105,2.736,,,0.0625,17.5,1,0,1,0,0,474424,1725272,1725272,474424,a23575fb359b72cb,1,ba-string-100-64,
581,base_append,C,128,int,0,,100,4,,,,0,,,2400,9600,15,4.453,4.718,4.418,,,1,536,1,0,0,0,0,474392,6853688,6853688,474392,516dfccebf7220d1,1,ba-int-100-4,
582,linear,C,64,int,1,16384,,,,,,0,,,1,16384,15,74.857,75.287,70.028,,,1.0162,48.38,1,0,0,128.4844,0,474328,1721616,1721616,474328,0160e968244e678b,1,lin-ret-int-16384,
583,base_append,A,0,int,0,,100,1024,,,,0,,,1,1024,15,884.807,895.833,884.074,,,1,9808,612.5,0,0,0,0,474424,517192,537672,474424,fd243c73dbc412f0,1,ba-int-100-1024,
584,linear,C,64,nested,0,4096,,,,,,0,,,1,4096,15,3.174,3.265,3.143,,,0.0173,16.38,1,0,1,0,0,474328,2555664,2555664,474328,44fb47bd5072b14f,1,lin-dead-nested-4096,
585,base_append,B,0,int,0,,100000,16,,,,0,,,2,32,15,7226.563,8049.5,7123.688,,,0.0625,131073,6251,0,0,0,0,474424,7904632,7904632,474424,3c179c6d7f79e06d,1,ba-int-100000-16,
586,base_append,C,64,int,0,,10000,32,,,,0,,,1435,45920,15,2.598,2.678,2.587,,,0.125,35,1,0,0,0,0,474424,2777504,2777504,474424,d969fe0d6965f4c4,1,ba-int-10000-32,
587,base_append,C,64,string,0,,100,1,,,,0,,,2400,2400,15,11.059,11.111,11.007,,,4,1120,1,0,1,0,0,474424,3785760,3785760,474424,e054259b2e6163b4,1,ba-string-100-1,
588,depth,C,64,int,0,,1024,,,,16,0,,,1,16,8,98.938,104.188,96.375,,,5,1152,41.5,0,0,1,1,474400,516728,518128,474400,75ee7024baea1260,1,,"{""live_bytes_depth"":17512}"
589,vcreate,C,32,int,0,,64,,64,,,0,,,1807,1807,15,37.608,37.954,37.493,49.437,51.674,4,1600,1,0,0,64,1,474376,0,3678984,474376,0000000000000000,1,,
590,linear,B,0,string,1,1024,,,,,,0,,,1,1024,15,943.319,955.811,934.814,,,1.001,10938.77,512.5,0,512.5,0,0,474328,15438504,15438504,474328,165bfc4050d5b883,1,lin-ret-string-1024,
591,foreach,A,0,int,0,,10000,,0,,,0,,,96,960000,15,0.494,0.53,0.494,,,0,0,0,0,0,0,0,474448,0,802128,474448,000013873287b208,1,fe-int-10000,"{""sink"":37124032041674760}"
592,linear,C,64,object,1,1024,,,,,,0,,,1,1024,15,8.057,8.382,7.894,,,1.0205,48.4,1,0,1,8.4844,0,474328,601488,601488,482520,6d7d60429257bfdf,1,lin-ret-object-1024,
593,linear,A,0,int,0,16384,,,,,,0,,,1,16384,6,12174.044,12193.776,12165.255,,,1.0001,131088,8192.5,0,0,0,0,474408,1002792,1264936,474408,0160e968244e678b,1,lin-dead-int-16384,
594,foreach,B,0,int,0,,10000,,0,,,0,,,96,960000,15,0.499,0.533,0.494,,,0,0,0,0,0,0,0,474448,0,802128,474448,000013873287b208,1,fe-int-10000,"{""sink"":37124032041674760}"
595,linear,C,128,nested,0,65536,,,,,,0,,,1,65536,8,3.394,3.607,3.272,,,0.008,16.19,1,0,1,0,0,474440,33770880,33770880,474440,f1daf9261b2e9d89,1,lin-dead-nested-65536,
596,base_append,C,16,string,0,,10000,4,,,,0,,,655,2620,15,4.596,4.628,4.532,,,1,88,1,0,1,0,0,474424,1477728,1477728,474424,1a16fd1767ddbec6,1,ba-string-10000-4,
597,linear,C,64,nested,0,1024,,,,,,0,,,1,1024,15,2.889,3.174,2.808,,,0.0205,16.4,1,0,1,0,0,474328,994704,994704,474328,a7c9ef95cc20ecef,1,lin-dead-nested-1024,
598,base_append,C,16,int,0,,10000,1024,,,,0,,,72,73728,15,3.172,3.294,2.873,,,0.0693,17.52,1,0,0,0,0,474424,2334616,2334616,474424,9a21c971ff833e48,1,ba-int-10000-1024,
599,base_append,B,0,int,0,,100,16,,,,0,,,1030,16480,15,4.718,5.069,4.67,,,0.0625,129,7.25,0,0,0,0,474392,3127320,3127320,474392,526e2275c1539cf5,1,ba-int-100-16,
600,linear,B,0,object,0,4096,,,,,,0,,,1,4096,15,2.431,2.462,2.39,,,0.0029,32.03,1,0.999,1,0,0,474328,830680,867544,531672,a90dfee62da19683,1,lin-dead-object-4096,
601,linear,C,32,nested,0,1024,,,,,,0,,,1,1024,15,3.011,3.134,2.97,,,0.0371,16.77,1,0,1,0,0,474328,994832,994832,474328,a7c9ef95cc20ecef,1,lin-dead-nested-1024,
602,branch,B,0,string,0,,1024,,,,,0,,half,153,153,15,2311.824,2409.582,2241.281,,,1,32784,1601,0,1601,0,0,474408,6237384,6237384,474408,9e8cf0f0d0d2f564,1,br-string-7-half,"{""lv_at_branch"":64}"
603,base_append,C,16,int,0,,10000,16,,,,0,,,655,10480,15,2.863,2.966,2.823,,,0.25,22,1,0,0,0,0,474424,1077568,1077568,474424,4277fcf600eb5748,1,ba-int-10000-16,
